x_mm,y_mm,z_mm (repere base robot, TCP buse, recalcule par cinematique directe depuis betonrobot.script)
-436.811,-266.675,8.736
-439.538,-265.699,8.744
-442.261,-264.716,8.746
-444.981,-263.726,8.742
-447.685,-262.729,8.775
-450.397,-261.723,8.760
-453.141,-260.749,8.770
-455.835,-259.773,8.743
-458.583,-258.739,8.742
-461.276,-257.792,8.737
-464.022,-256.787,8.766
-466.748,-255.777,8.748
-469.430,-254.810,8.726
-472.201,-253.824,8.771
-474.886,-252.797,8.738
-477.639,-251.845,8.773
-480.381,-250.841,8.759
-483.137,-249.828,8.783
-485.832,-248.864,8.760
-488.551,-247.842,8.776
-491.268,-246.862,8.740
-493.968,-245.877,8.746
-496.741,-244.874,8.777
-499.387,-243.884,8.729
-502.142,-242.920,8.750
-504.873,-241.904,8.768
-507.603,-240.931,8.733
-510.317,-239.954,8.741
-513.036,-238.920,8.744
-515.816,-237.920,8.773
-518.489,-236.931,8.769
-521.252,-235.972,8.789
-523.899,-234.976,8.727
-526.654,-234.007,8.737
-529.385,-232.985,8.745
-532.103,-232.010,8.748
-534.816,-231.031,8.746
-537.497,-230.051,8.742
-540.277,-229.050,8.762
-542.977,-228.056,8.746
-545.720,-227.049,8.759
-548.457,-226.037,8.768
-551.183,-225.076,8.773
-553.911,-224.055,8.773
-556.628,-223.085,8.768
-559.340,-222.110,8.759
-562.056,-221.075,8.746
-564.804,-220.084,8.762
-567.503,-219.096,8.740
-570.242,-218.096,8.748
-572.970,-217.149,8.751
-575.700,-216.141,8.750
-578.425,-215.129,8.745
-581.156,-214.167,8.789
-583.843,-213.152,8.779
-586.548,-212.186,8.761
-589.292,-211.207,8.774
-591.994,-210.175,8.748
-594.729,-209.189,8.753
-597.460,-208.199,8.754
-600.185,-207.206,8.751
-602.905,-206.210,8.744
-605.586,-205.276,8.736
-608.370,-204.258,8.754
-610.139,-201.997,8.747
-611.848,-199.675,8.763
-613.553,-197.282,8.777
-615.131,-194.902,8.721
-616.738,-192.444,8.776
-618.273,-189.988,8.738
-619.764,-187.469,8.779
-621.171,-184.955,8.786
-622.428,-182.403,8.726
-623.736,-179.828,8.776
-624.979,-177.133,8.732
-626.068,-174.525,8.739
-627.206,-171.832,8.738
-628.225,-169.095,8.785
-629.160,-166.369,8.798
-629.971,-163.602,8.742
-630.734,-160.775,8.767
-631.370,-157.973,8.723
-632.054,-155.149,8.788
-632.515,-152.315,8.755
-632.937,-149.420,8.743
-633.292,-146.538,8.755
-633.537,-143.617,8.755
-632.570,-142.250,8.735
-629.887,-143.222,8.730
-627.158,-144.205,8.785
-624.437,-145.185,8.775
-621.711,-146.164,8.761
-618.980,-147.143,8.744
-616.287,-148.171,8.758
-613.547,-149.148,8.732
-610.861,-150.108,8.792
-608.083,-151.154,8.762
-605.372,-152.117,8.759
-602.656,-153.141,8.752
-599.937,-154.103,8.741
-597.200,-155.128,8.783
-594.472,-156.088,8.763
-591.781,-157.095,8.774
-589.044,-158.055,8.745
-586.290,-159.076,8.768
-583.587,-160.079,8.766
-580.880,-161.024,8.759
-578.169,-162.026,8.747
-575.469,-163.022,8.782
-572.721,-164.029,8.765
-570.013,-165.023,8.790
-567.259,-165.971,8.764
-564.498,-166.975,8.734
-561.851,-167.945,8.774
-559.082,-168.947,8.734
-556.368,-169.985,8.773
-553.664,-170.964,8.753
-550.899,-171.957,8.748
-548.176,-172.936,8.771
-545.460,-173.910,8.737
-542.726,-174.941,8.750
-540.064,-175.895,8.787
-537.309,-176.874,8.742
-534.563,-177.899,8.739
-531.862,-178.857,8.764
-529.109,-179.879,8.751
-526.397,-180.887,8.765
-523.685,-181.840,8.774
-520.966,-182.844,8.777
-518.243,-183.847,8.775
-515.517,-184.847,8.767
-512.787,-185.845,8.754
-510.025,-186.849,8.739
-507.362,-187.823,8.744
-504.610,-188.818,8.762
-501.911,-189.796,8.759
-499.152,-190.788,8.764
-496.447,-191.761,8.750
-493.727,-192.736,8.776
-491.011,-193.755,8.750
-488.284,-194.725,8.763
-485.549,-195.742,8.771
-482.799,-196.713,8.731
-480.132,-197.705,8.754
-477.387,-198.714,8.743
-474.686,-199.709,8.758
-471.906,-200.720,8.738
-469.232,-201.655,8.736
-466.503,-202.691,8.775
-463.788,-203.675,8.763
-461.071,-204.656,8.745
-458.338,-205.637,8.764
-455.586,-206.620,8.736
-452.842,-207.641,8.741
-450.176,-208.594,8.766
-447.425,-209.609,8.757
-444.718,-210.609,8.772
-442.037,-211.597,8.776
-439.255,-212.565,8.749
-436.540,-213.555,8.742
-433.786,-214.592,8.732
-431.081,-215.571,8.747
-428.403,-216.538,8.749
-425.665,-217.517,8.753
-422.916,-218.535,8.749
-420.211,-219.537,8.768
-417.540,-220.487,8.775
-414.754,-221.500,8.752
-412.041,-222.491,8.747
-409.314,-223.480,8.772
-406.596,-224.463,8.752
-403.855,-225.485,8.761
-401.179,-226.448,8.754
-398.433,-227.461,8.747
-395.664,-228.437,8.734
-392.977,-229.425,8.772
-390.270,-230.414,8.769
-387.561,-231.397,8.757
-384.867,-232.372,8.769
-382.132,-233.388,8.775
-379.404,-234.360,8.772
-376.654,-235.297,8.763
-374.414,-233.497,8.756
-372.124,-231.671,8.742
-369.957,-229.812,8.774
-367.677,-227.945,8.742
-365.526,-226.009,8.751
-363.420,-224.060,8.778
-361.193,-222.145,8.743
-359.166,-220.138,8.774
-357.025,-218.132,8.743
-354.928,-216.114,8.732
-352.926,-214.035,8.762
-350.904,-211.963,8.754
-348.925,-209.879,8.765
-346.948,-207.764,8.765
-344.972,-205.619,8.754
-343.037,-203.462,8.762
-341.096,-201.309,8.759
-339.213,-199.107,8.744
-337.385,-196.884,8.773
-339.428,-195.708,8.770
-342.107,-194.750,8.759
-344.864,-193.732,8.757
-347.564,-192.737,8.743
-350.321,-191.755,8.769
-352.968,-190.787,8.739
-355.704,-189.784,8.745
-358.456,-188.777,8.764
-361.208,-187.772,8.771
-363.932,-186.780,8.771
-366.630,-185.800,8.764
-369.344,-184.816,8.772
-372.057,-183.834,8.768
-374.771,-182.854,8.753
-377.529,-181.857,8.756
-380.234,-180.847,8.751
-382.981,-179.859,8.765
-385.655,-178.902,8.743
-388.420,-177.873,8.765
-391.109,-176.913,8.751
-393.846,-175.898,8.757
-396.580,-174.924,8.752
-399.304,-173.916,8.772
-402.039,-172.906,8.747
-404.759,-171.942,8.748
-407.497,-170.933,8.770
-410.190,-169.944,8.757
-412.897,-168.990,8.766
-415.661,-167.975,8.758
-418.368,-166.984,8.749
-421.046,-166.006,8.735
-423.812,-164.994,8.771
-426.488,-164.019,8.739
-429.252,-163.010,8.757
-431.986,-162.014,8.772
-434.675,-161.038,8.748
-437.407,-160.046,8.746
-440.111,-159.066,8.740
-442.856,-158.071,8.756
-445.573,-157.089,8.770
-448.272,-156.114,8.740
-451.059,-155.062,8.763
-453.771,-154.085,8.752
-456.454,-153.120,8.740
-459.179,-152.141,8.751
-461.932,-151.105,8.748
-464.626,-150.140,8.750
-467.363,-149.159,8.775
-470.110,-148.128,8.750
-472.843,-147.151,8.761
-475.503,-146.204,8.739
-478.233,-145.182,8.735
-480.976,-144.204,8.764
-483.702,-143.186,8.747
-486.414,-142.223,8.768
-489.108,-141.219,8.742
-491.915,-140.220,8.771
-494.577,-139.230,8.737
-497.281,-138.274,8.731
-500.053,-137.243,8.746
-502.797,-136.273,8.760
-505.466,-135.284,8.740
-508.247,-134.251,8.778
-510.983,-133.288,8.773
-513.617,-132.313,8.740
-516.364,-131.296,8.765
-519.093,-130.339,8.742
-521.806,-129.336,8.761
-524.572,-128.314,8.758
-527.281,-127.314,8.765
-529.988,-126.369,8.767
-532.746,-125.352,8.746
-535.446,-124.358,8.736
-538.187,-123.349,8.754
-540.856,-122.423,8.738
-543.619,-121.407,8.739
-546.350,-120.403,8.741
-549.095,-119.395,8.783
-551.821,-118.395,8.774
-554.517,-117.407,8.764
-557.236,-116.411,8.744
-559.945,-115.476,8.771
-562.658,-114.484,8.740
-565.411,-113.477,8.738
-568.107,-112.492,8.750
-570.854,-111.489,8.737
-573.585,-110.492,8.774
-576.255,-109.519,8.722
-579.008,-108.515,8.744
-581.729,-107.524,8.766
-584.431,-106.541,8.733
-587.173,-105.543,8.741
-589.954,-104.531,8.779
-592.661,-103.548,8.782
-595.321,-102.583,8.735
-598.091,-101.577,8.759
-600.787,-100.600,8.748
-603.522,-99.609,8.769
-606.280,-98.609,8.780
-609.007,-97.622,8.791
-611.710,-96.582,8.745
-614.429,-95.598,8.747
-617.144,-94.617,8.745
-619.855,-93.639,8.739
-622.604,-92.646,8.765
-623.495,-90.822,8.744
-622.385,-88.160,8.735
-621.353,-85.407,8.750
-620.247,-82.752,8.734
-619.145,-80.101,8.772
-617.914,-77.443,8.731
-616.721,-74.840,8.737
-615.577,-72.156,8.774
-614.354,-69.511,8.780
-613.120,-66.876,8.785
-611.893,-64.308,8.730
-610.636,-61.694,8.735
-609.407,-59.073,8.774
-608.119,-56.419,8.778
-606.812,-53.844,8.728
-605.576,-51.241,8.760
-604.314,-48.656,8.739
-602.841,-46.633,8.790
-600.100,-47.638,8.749
-597.373,-48.641,8.756
-594.633,-49.588,8.757
-591.900,-50.600,8.754
-589.231,-51.583,8.775
-586.465,-52.617,8.769
-583.782,-53.552,8.780
-581.011,-54.595,8.763
-578.296,-55.552,8.771
-575.588,-56.572,8.773
-572.868,-57.539,8.770
-570.146,-58.511,8.762
-567.422,-59.488,8.750
-564.720,-60.519,8.779
-561.965,-61.519,8.763
-559.234,-62.511,8.734
-556.557,-63.480,8.782
-553.796,-64.495,8.749
-551.048,-65.507,8.758
-548.342,-66.443,8.742
-545.632,-67.445,8.773
-542.878,-68.472,8.765
-540.141,-69.437,8.740
-537.452,-70.440,8.747
-534.727,-71.408,8.755
-532.008,-72.435,8.757
-529.279,-73.413,8.753
-526.550,-74.396,8.743
-523.793,-75.399,8.734
-521.144,-76.351,8.782
-518.384,-77.364,8.760
-515.691,-78.347,8.759
-512.944,-79.363,8.768
-510.242,-80.306,8.754
-507.493,-81.332,8.750
-504.784,-82.342,8.771
-502.095,-83.294,8.780
-499.310,-84.300,8.762
-496.592,-85.276,8.763
-493.880,-86.308,8.758
-491.161,-87.295,8.746
-488.431,-88.294,8.773
-485.705,-89.245,8.747
-482.974,-90.255,8.759
-480.295,-91.243,8.751
-477.557,-92.217,8.749
-474.824,-93.244,8.739
-472.059,-94.244,8.729
-469.378,-95.206,8.773
-466.640,-96.204,8.741
-463.932,-97.191,8.776
-461.168,-98.215,8.735
-458.482,-99.154,8.747
-455.775,-100.160,8.757
-452.995,-101.163,8.736
-450.303,-102.172,8.765
-447.593,-103.151,8.751
-444.872,-104.142,8.769
-442.173,-105.082,8.772
-439.453,-106.086,8.773
-436.708,-107.111,8.772
-433.986,-108.084,8.755
-431.254,-109.071,8.769
-428.523,-110.064,8.773
-425.792,-111.064,8.768
-423.063,-112.071,8.754
-420.375,-113.019,8.760
-417.637,-114.046,8.764
-414.898,-115.038,8.759
-412.203,-116.014,8.773
-409.466,-117.021,8.747
-406.787,-117.963,8.771
-404.017,-119.004,8.768
-401.341,-119.961,8.770
-398.573,-120.978,8.745
-395.865,-121.970,8.768
-393.114,-122.955,8.750
-390.410,-123.963,8.750
-387.721,-124.931,8.765
-384.941,-125.961,8.754
-382.230,-126.922,8.753
-379.521,-127.891,8.740
-376.807,-128.913,8.748
-374.107,-129.859,8.769
-371.372,-130.875,8.759
-368.585,-131.894,8.739
-365.885,-132.873,8.752
-363.163,-133.877,8.759
-360.443,-134.853,8.752
-357.717,-135.845,8.762
-354.994,-136.847,8.757
-352.250,-137.838,8.746
-349.525,-138.830,8.742
-346.819,-139.823,8.746
-344.135,-140.781,8.770
-341.427,-141.766,8.771
-338.675,-142.792,8.771
-335.953,-143.779,8.746
-333.215,-144.757,8.762
-330.483,-145.779,8.760
-327.799,-146.720,8.769
-325.068,-147.738,8.759
-322.334,-148.709,8.757
-319.582,-149.740,8.744
-316.866,-150.733,8.749
-314.199,-151.679,8.764
-311.438,-152.703,8.769
-308.710,-153.693,8.746
-306.363,-153.643,8.758
-304.876,-151.162,8.766
-303.336,-148.712,8.757
-301.894,-146.188,8.767
-300.436,-143.697,8.770
-298.947,-141.221,8.751
-297.566,-138.655,8.767
-296.153,-136.131,8.762
-294.769,-133.572,8.757
-293.368,-131.045,8.746
-292.032,-128.479,8.766
-290.686,-125.905,8.757
-289.366,-123.321,8.750
-288.084,-120.714,8.759
-286.793,-118.124,8.766
-285.503,-115.541,8.760
-284.237,-112.943,8.758
-282.981,-110.340,8.747
-285.112,-109.066,8.765
-287.844,-108.067,8.757
-290.574,-107.082,8.765
-293.251,-106.126,8.749
-296.001,-105.107,8.764
-298.744,-104.102,8.761
-301.442,-103.111,8.752
-304.204,-102.097,8.763
-306.878,-101.169,8.750
-309.640,-100.124,8.764
-312.351,-99.162,8.761
-315.057,-98.166,8.762
-317.754,-97.210,8.751
-320.532,-96.179,8.756
-323.245,-95.164,8.747
-325.966,-94.208,8.746
-328.679,-93.214,8.754
-331.399,-92.206,8.742
-334.098,-91.243,8.750
-336.838,-90.234,8.749
-339.543,-89.281,8.750
-342.283,-88.248,8.744
-345.001,-87.258,8.760
-347.729,-86.286,8.760
-350.460,-85.295,8.743
-353.161,-84.312,8.750
-355.908,-83.316,8.755
-358.634,-82.319,8.754
-361.352,-81.308,8.769
-364.078,-80.313,8.770
-366.812,-79.334,8.757
-369.537,-78.340,8.762
-372.262,-77.324,8.754
-374.985,-76.329,8.765
-377.714,-75.350,8.763
-380.457,-74.336,8.774
-383.121,-73.401,8.759
-385.845,-72.394,8.754
-388.552,-71.418,8.744
-391.279,-70.445,8.749
-394.004,-69.447,8.741
-396.748,-68.451,8.750
-399.466,-67.446,8.756
-402.188,-66.453,8.751
-404.893,-65.491,8.743
-407.631,-64.472,8.744
-410.413,-63.438,8.765
-413.113,-62.479,8.762
-415.847,-61.463,8.770
-418.547,-60.486,8.747
-421.265,-59.510,8.743
-423.954,-58.521,8.738
-426.694,-57.559,8.746
-429.459,-56.495,8.775
-432.159,-55.539,8.740
-434.843,-54.558,8.737
-437.632,-53.517,8.771
-440.322,-52.558,8.749
-443.030,-51.599,8.751
-445.770,-50.580,8.775
-448.474,-49.598,8.760
-451.219,-48.600,8.767
-453.904,-47.655,8.743
-456.659,-46.622,8.768
-459.402,-45.609,8.750
-462.074,-44.655,8.744
-464.835,-43.652,8.745
-467.564,-42.629,8.747
-470.320,-41.653,8.777
-472.989,-40.692,8.739
-475.713,-39.704,8.763
-478.424,-38.735,8.742
-481.165,-37.702,8.742
-483.883,-36.694,8.744
-486.614,-35.744,8.738
-489.309,-34.771,8.733
-492.098,-33.691,8.777
-494.796,-32.735,8.758
-497.510,-31.780,8.771
-500.198,-30.792,8.738
-502.966,-29.763,8.763
-505.670,-28.784,8.757
-508.439,-27.772,8.769
-511.120,-26.826,8.758
-513.853,-25.796,8.765
-516.535,-24.867,8.741
-519.269,-23.854,8.735
-522.017,-22.840,8.766
-524.752,-21.843,8.748
-527.475,-20.862,8.775
-530.197,-19.829,8.744
-532.921,-18.863,8.759
-535.632,-17.853,8.769
-538.356,-16.904,8.772
-541.066,-15.909,8.770
-543.776,-14.922,8.762
-546.550,-13.904,8.775
-549.234,-12.948,8.764
-551.968,-11.906,8.773
-554.676,-10.950,8.743
-557.422,-9.978,8.741
-560.168,-8.950,8.782
-562.899,-7.938,8.769
-565.540,-6.987,8.732
-568.283,-5.981,8.757
-570.986,-5.007,8.736
-573.791,-3.977,8.779
-576.491,-3.018,8.747
-579.190,-1.999,8.760
-581.902,-1.046,8.768
-584.648,-0.012,8.748
-586.124,1.809,8.782
-586.028,4.656,8.737
-586.339,7.556,8.744
-586.839,10.449,8.777
-587.635,13.197,8.746
-588.702,15.921,8.768
-590.085,18.442,8.732
-591.684,20.835,8.778
-593.549,23.125,8.780
-595.535,25.152,8.747
-597.715,27.096,8.752
-599.980,28.815,8.736
-602.418,30.432,8.774
-604.935,31.957,8.783
-607.445,33.332,8.743
-610.024,34.604,8.735
-612.724,35.804,8.743
-615.353,36.881,8.726
-618.078,37.866,8.733
-620.801,38.844,8.736
-623.622,39.727,8.764
-626.379,40.562,8.759
-629.153,41.326,8.749
-631.962,42.102,8.772
-634.814,42.820,8.784
-637.596,43.411,8.769
-640.419,44.093,8.780
-643.304,44.651,8.779
-646.143,45.247,8.782
-649.000,45.766,8.781
-651.856,46.275,8.776
-654.684,46.756,8.774
-657.536,47.241,8.761
-660.386,47.714,8.743
-663.228,48.094,8.729
-666.109,48.486,8.763
-668.989,48.945,8.773
-671.851,49.304,8.740
-674.747,49.672,8.742
-677.621,50.095,8.740
-680.467,50.411,8.764
-683.356,50.742,8.754
-686.243,51.061,8.741
-689.082,51.422,8.732
-691.964,51.716,8.711
-694.900,52.110,8.782
-697.751,52.365,8.762
-700.641,52.713,8.771
-703.512,52.957,8.735
-706.396,53.281,8.737
-709.277,53.592,8.735
-712.129,53.876,8.736
-715.064,54.197,8.761
-717.936,54.472,8.748
-720.839,54.755,8.773
-723.683,55.078,8.754
-726.579,55.336,8.772
-729.436,55.647,8.721
-732.305,55.954,8.732
-735.230,56.283,8.774
-738.091,56.567,8.780
-740.993,56.864,8.748
-743.743,57.837,8.755
-746.407,58.845,8.723
-749.161,59.813,8.792
-751.874,60.840,8.789
-754.601,61.786,8.782
-757.347,62.825,8.738
-760.043,63.833,8.724
-762.787,64.777,8.750
-765.504,65.789,8.772
-768.215,66.796,8.792
-770.931,67.801,8.730
-773.710,68.748,8.779
-776.361,69.713,8.724
-779.106,70.723,8.767
-781.829,71.719,8.735
-784.579,72.726,8.743
-787.278,73.703,8.784
-790.014,74.695,8.785
-792.743,75.681,8.784
-795.465,76.660,8.779
-798.157,77.712,8.771
-800.923,78.707,8.797
-803.583,79.644,8.714
-806.334,80.625,8.734
-809.087,81.697,8.795
-811.783,82.643,8.741
-814.543,83.620,8.796
-817.232,84.649,8.779
-819.961,85.603,8.753
-822.657,86.537,8.729
-825.405,87.589,8.735
-828.118,88.620,8.743
-830.847,89.561,8.749
-833.600,90.608,8.791
-836.271,91.513,8.719
-839.007,92.545,8.755
-841.749,93.577,8.754
-844.466,94.497,8.791
-847.190,95.514,8.784
-849.905,96.524,8.775
-852.611,97.527,8.762
-855.362,98.452,8.793
-858.090,99.461,8.733
-860.797,100.456,8.758
-863.534,101.465,8.738
-866.277,102.473,8.797
-868.968,103.452,8.778
-871.731,104.465,8.790
-874.401,105.429,8.765
-877.156,106.433,8.735
-879.861,107.409,8.744
-882.583,108.391,8.798
-885.305,109.371,8.758
-888.045,110.356,8.763
-890.773,111.333,8.765
-893.463,112.392,8.764
-896.207,113.372,8.716
-898.928,114.338,8.757
-901.675,115.315,8.752
-904.330,116.346,8.701
-907.106,117.332,8.731
-909.790,118.270,8.722
-912.567,119.356,8.789
-915.263,120.295,8.729
-917.972,121.238,8.716
-920.720,122.303,8.735
-922.612,124.417,8.730
-924.347,126.671,8.725
-926.082,129.039,8.801
-927.763,131.386,8.736
-929.339,133.795,8.722
-930.914,136.320,8.788
-932.427,138.713,8.760
-933.869,141.293,8.730
-935.290,143.763,8.745
-936.668,146.328,8.758
-937.943,148.956,8.765
-939.154,151.560,8.728
-940.391,154.186,8.773
-941.535,156.882,8.773
-942.641,159.567,8.722
-943.699,162.235,8.715
-944.678,164.980,8.755
-945.644,167.727,8.794
-946.549,170.450,8.731
-947.430,173.170,8.764
-948.243,175.972,8.745
-949.010,178.758,8.774
-949.707,181.628,8.750
-950.425,184.405,8.725
-950.163,186.188,8.791
-947.420,185.221,8.753
-944.683,184.254,8.762
-941.996,183.198,8.721
-939.298,182.247,8.818
-936.569,181.275,8.821
-933.809,180.282,8.730
-931.073,179.299,8.776
-928.389,178.231,8.772
-925.657,177.244,8.765
-922.961,176.274,8.798
-920.210,175.269,8.746
-917.495,174.282,8.733
-914.740,173.269,8.724
-912.048,172.288,8.747
-909.286,171.373,8.774
-906.577,170.376,8.753
-903.856,169.368,8.729
-901.148,168.364,8.750
-898.428,167.350,8.768
-895.649,166.406,8.697
-892.955,165.400,8.751
-890.261,164.391,8.764
-887.555,163.371,8.774
-884.807,162.430,8.781
-882.078,161.391,8.785
-879.345,160.450,8.742
-876.658,159.428,8.744
-873.892,158.461,8.786
-871.169,157.411,8.699
-868.473,156.477,8.733
-865.742,155.518,8.770
-863.055,154.478,8.797
-860.289,153.492,8.746
-857.566,152.526,8.732
-854.807,151.537,8.722
-852.148,150.498,8.742
-849.425,149.521,8.766
-846.692,148.534,8.786
-843.936,147.529,8.724
-841.239,146.556,8.777
-838.519,145.564,8.747
-835.765,144.549,8.722
-833.081,143.571,8.726
-830.365,142.569,8.734
-827.611,141.641,8.738
-824.877,140.621,8.740
-822.165,139.610,8.783
-819.456,138.596,8.739
-816.740,137.673,8.737
-814.005,136.635,8.772
-811.274,135.694,8.764
-808.564,134.663,8.753
-805.818,133.704,8.739
-803.124,132.674,8.767
-800.420,131.731,8.784
-797.711,130.683,8.805
-794.953,129.699,8.748
-792.203,128.714,8.763
-789.488,127.745,8.737
-786.756,126.762,8.790
-784.028,125.776,8.758
-781.351,124.722,8.767
-778.585,123.704,8.737
-775.867,122.804,8.732
-773.146,121.803,8.732
-770.449,120.813,8.771
-767.716,119.795,8.764
-765.033,118.803,8.790
-762.278,117.856,8.749
-759.559,116.832,8.775
-756.860,115.816,8.790
-754.089,114.842,8.740
-751.396,113.820,8.721
-748.661,112.858,8.777
-745.932,111.894,8.752
-743.224,110.847,8.724
-740.474,109.860,8.769
-737.763,108.891,8.777
-735.047,107.914,8.781
-732.351,106.944,8.774
-729.601,105.934,8.779
-726.871,104.932,8.773
-724.137,103.921,8.764
-721.456,102.939,8.785
-718.707,101.995,8.743
-715.993,100.980,8.765
-713.300,99.973,8.775
-710.553,99.013,8.790
-707.812,97.965,8.736
-705.091,97.009,8.784
-702.318,96.014,8.723
-699.639,94.987,8.756
-696.893,93.997,8.730
-694.182,93.024,8.755
-691.488,92.055,8.754
-688.745,91.048,8.780
-686.044,90.063,8.771
-683.281,89.030,8.727
-680.564,88.105,8.774
-677.853,87.094,8.754
-675.140,86.075,8.732
-672.389,85.108,8.774
-669.704,84.094,8.783
-666.959,83.117,8.749
-664.245,82.153,8.751
-661.529,81.181,8.748
-658.766,80.171,8.771
-656.045,79.181,8.761
-653.381,78.223,8.778
-650.630,77.200,8.768
-647.902,76.185,8.746
-645.207,75.186,8.759
-642.452,74.218,8.730
-639.753,73.201,8.735
-637.044,72.249,8.792
-634.319,71.278,8.789
-631.592,70.298,8.781
-628.860,69.231,8.778
-626.130,68.234,8.762
-623.377,67.290,8.742
-620.679,66.299,8.755
-617.920,65.259,8.735
-615.222,64.329,8.732
-612.534,63.322,8.787
-609.810,62.357,8.783
-607.106,61.322,8.774
-604.355,60.323,8.770
-601.628,59.331,8.752
-598.900,58.330,8.731
-596.141,57.372,8.766
-593.447,56.377,8.771
-590.716,55.349,8.737
-588.001,54.395,8.733
-585.300,53.442,8.776
-582.519,52.351,8.745
-579.803,51.369,8.727
-577.101,50.388,8.756
-574.340,49.428,8.737
-571.698,48.470,8.782
-568.957,47.433,8.754
-566.210,46.454,8.771
-563.450,45.454,8.733
-560.765,44.498,8.766
-558.019,43.488,8.766
-555.321,42.503,8.741
-552.613,41.500,8.766
-549.850,40.516,8.751
-547.142,39.494,8.765
-544.417,38.517,8.774
-541.680,37.519,8.732
-538.956,36.521,8.730
-536.248,35.523,8.768
-533.569,34.603,8.780
-530.825,33.557,8.770
-528.088,32.571,8.746
-525.390,31.602,8.750
-522.646,30.587,8.766
-519.933,29.649,8.759
-517.192,28.613,8.764
-514.482,27.653,8.744
-511.765,26.675,8.771
-509.012,25.658,8.757
-506.298,24.658,8.770
-503.587,23.647,8.778
-500.860,22.675,8.778
-498.136,21.692,8.773
-495.415,20.697,8.761
-492.696,19.691,8.742
-489.953,18.715,8.766
-487.216,17.668,8.744
-484.563,16.735,8.768
-481.789,15.753,8.780
-479.045,14.719,8.738
-476.362,13.780,8.750
-473.599,12.762,8.741
-470.935,11.809,8.776
-468.179,10.766,8.753
-465.471,9.807,8.745
-462.720,8.796,8.744
-460.010,7.804,8.767
-457.327,6.817,8.773
-454.609,5.845,8.780
-451.838,4.810,8.757
-449.114,3.857,8.749
-446.402,2.837,8.776
-443.688,1.857,8.751
-440.970,0.856,8.762
-438.242,-0.116,8.763
-435.520,-1.100,8.757
-432.816,-2.088,8.774
-430.067,-3.077,8.760
-427.338,-4.069,8.769
-424.615,-5.075,8.768
-421.883,-6.054,8.759
-419.158,-7.047,8.740
-416.430,-8.063,8.753
-413.753,-9.000,8.776
-411.024,-10.005,8.768
-408.281,-11.044,8.761
-405.531,-12.058,8.743
-402.846,-12.983,8.765
-400.111,-13.977,8.756
-397.362,-15.006,8.747
-394.699,-15.928,8.765
-391.944,-16.959,8.771
-389.219,-17.986,8.756
-386.512,-18.919,8.760
-383.783,-19.950,8.759
-381.050,-20.959,8.747
-378.349,-21.914,8.752
-375.614,-22.928,8.751
-372.856,-23.944,8.748
-370.184,-24.853,8.766
-367.426,-25.878,8.771
-364.699,-26.899,8.754
-362.006,-27.869,8.753
-359.269,-28.865,8.742
-356.535,-29.888,8.751
-353.845,-30.804,8.764
-351.103,-31.853,8.755
-348.363,-32.840,8.752
-345.670,-33.811,8.764
-342.937,-34.813,8.763
-340.206,-35.802,8.745
-337.471,-36.787,8.743
-334.741,-37.803,8.755
-332.069,-38.750,8.768
-329.328,-39.765,8.757
-326.616,-40.745,8.765
-323.878,-41.750,8.748
-321.151,-42.742,8.759
-318.430,-43.726,8.751
-315.709,-44.712,8.753
-312.987,-45.700,8.762
-310.286,-46.669,8.767
-307.525,-47.714,8.744
-304.808,-48.674,8.744
-302.113,-49.655,8.764
-299.353,-50.687,8.754
-296.647,-51.665,8.765
-293.908,-52.659,8.748
-291.205,-53.623,8.760
-288.472,-54.645,8.768
-285.746,-55.638,8.748
-283.014,-56.623,8.749
-280.293,-57.621,8.746
-277.568,-58.614,8.761
-274.854,-59.582,8.745
-272.140,-60.585,8.767
-269.397,-61.589,8.748
-266.700,-62.529,8.758
-264.020,-63.448,8.766
-263.105,-60.664,8.766
-262.158,-57.971,8.748
-261.267,-55.198,8.757
-260.362,-52.450,8.744
-259.518,-49.684,8.750
-258.637,-46.941,8.746
-257.830,-44.111,8.756
-257.005,-41.354,8.757
-256.243,-38.523,8.763
-255.447,-35.752,8.750
-254.679,-32.969,8.755
-253.938,-30.177,8.745
-253.217,-27.385,8.743
-252.507,-24.567,8.748
-251.810,-21.764,8.751
-251.167,-18.942,8.757
-250.513,-16.083,8.760
-252.296,-14.607,8.749
-255.013,-13.606,8.760
-257.739,-12.600,8.762
-260.470,-11.588,8.757
-263.166,-10.650,8.752
-265.922,-9.593,8.758
-268.635,-8.666,8.746
-271.380,-7.616,8.760
-274.074,-6.651,8.769
-276.784,-5.690,8.753
-279.513,-4.728,8.750
-282.224,-3.724,8.750
-284.942,-2.733,8.754
-287.684,-1.729,8.749
-290.393,-0.747,8.747
-293.133,0.263,8.754
-295.868,1.249,8.753
-298.593,2.255,8.760
-301.337,3.277,8.763
-304.031,4.211,8.743
-306.754,5.234,8.749
-309.493,6.220,8.767
-312.180,7.176,8.750
-314.926,8.217,8.750
-317.671,9.253,8.764
-320.375,10.174,8.756
-323.122,11.213,8.769
-325.810,12.171,8.760
-328.563,13.169,8.752
-331.259,14.148,8.764
-334.008,15.153,8.759
-336.707,16.152,8.741
-339.415,17.118,8.743
-342.153,18.134,8.760
-344.860,19.065,8.745
-347.607,20.119,8.757
-350.304,21.065,8.750
-353.057,22.099,8.771
-355.761,23.085,8.761
-358.460,24.028,8.749
-361.216,25.059,8.769
-363.919,26.045,8.758
-366.666,27.048,8.764
-369.370,28.019,8.766
-372.126,29.018,8.750
-374.813,30.015,8.767
-377.568,31.001,8.765
-380.261,31.997,8.760
-383.033,32.995,8.763
-385.711,33.968,8.748
-388.451,34.982,8.742
-391.143,35.910,8.745
-393.897,36.938,8.747
-396.624,37.965,8.749
-399.321,38.930,8.752
-402.060,39.912,8.776
-404.798,40.925,8.749
-407.485,41.855,8.735
-410.227,42.877,8.761
-412.965,43.870,8.748
-415.686,44.878,8.769
-418.434,45.891,8.770
-421.152,46.907,8.773
-423.825,47.850,8.746
-426.538,48.812,8.743
-429.272,49.834,8.753
-431.994,50.819,8.767
-434.710,51.775,8.738
-437.480,52.827,8.756
-440.203,53.807,8.746
-442.904,54.807,8.773
-445.621,55.801,8.747
-448.335,56.771,8.759
-451.099,57.767,8.749
-453.805,58.752,8.746
-456.497,59.701,8.747
-459.250,60.755,8.752
-461.932,61.720,8.738
-464.688,62.737,8.776
-467.381,63.673,8.748
-470.127,64.708,8.774
-472.865,65.715,8.754
-475.565,66.668,8.744
-478.305,67.639,8.760
-481.027,68.644,8.769
-483.755,69.635,8.773
-486.465,70.661,8.769
-489.201,71.625,8.760
-491.920,72.624,8.744
-494.634,73.601,8.773
-497.361,74.573,8.745
-500.104,75.613,8.744
-502.807,76.601,8.755
-505.514,77.576,8.760
-508.268,78.576,8.741
-510.937,79.556,8.745
-513.710,80.543,8.757
-516.442,81.548,8.774
-519.143,82.509,8.751
-521.858,83.541,8.757
-524.599,84.508,8.757
-527.320,85.515,8.751
-530.043,86.510,8.740
-532.760,87.485,8.780
-535.488,88.455,8.758
-538.172,89.448,8.741
-540.951,90.508,8.781
-543.640,91.477,8.753
-546.387,92.482,8.745
-549.093,93.439,8.754
-551.845,94.420,8.736
-554.564,95.437,8.771
-557.251,96.414,8.765
-559.960,97.397,8.741
-562.707,98.398,8.752
-565.432,99.369,8.768
-568.121,100.374,8.729
-570.906,101.369,8.763
-573.610,102.362,8.765
-576.315,103.345,8.762
-579.064,104.352,8.730
-581.748,105.293,8.728
-584.487,106.347,8.738
-587.229,107.313,8.754
-589.946,108.326,8.765
-592.663,109.328,8.772
-595.407,110.260,8.775
-598.099,111.300,8.773
-600.817,112.270,8.768
-603.592,113.274,8.786
-606.248,114.254,8.726
-609.023,115.236,8.735
-611.748,116.250,8.749
-614.417,117.209,8.731
-617.142,118.201,8.737
-619.866,119.184,8.739
-622.646,120.200,8.766
-625.343,121.223,8.760
-628.065,122.174,8.750
-630.794,123.203,8.775
-633.515,124.132,8.757
-636.241,125.140,8.773
-638.966,126.138,8.786
-641.714,127.144,8.786
-644.423,128.110,8.733
-647.117,129.142,8.734
-649.870,130.123,8.770
-652.589,131.069,8.764
-655.335,132.113,8.785
-657.986,133.077,8.719
-660.728,134.101,8.732
-663.474,135.030,8.750
-666.189,136.016,8.765
-668.916,137.091,8.746
-671.627,138.056,8.753
-674.393,139.054,8.788
-677.062,139.972,8.735
-679.794,141.017,8.763
-682.515,141.956,8.734
-685.242,142.981,8.755
-687.985,144.010,8.751
-690.683,144.998,8.774
-693.421,146.007,8.762
-696.099,146.965,8.714
-698.845,147.964,8.760
-701.573,148.943,8.737
-704.331,149.935,8.752
-707.053,150.893,8.723
-709.788,151.946,8.797
-712.480,152.868,8.769
-715.194,153.891,8.771
-717.905,154.904,8.770
-720.697,155.875,8.798
-723.386,156.858,8.722
-726.117,157.864,8.753
-728.812,158.838,8.737
-731.535,159.824,8.762
-734.239,160.790,8.713
-737.009,161.796,8.765
-739.674,162.816,8.710
-742.435,163.801,8.756
-745.177,164.766,8.729
-747.873,165.788,8.777
-750.606,166.733,8.743
-753.334,167.764,8.749
-756.056,168.786,8.752
-758.773,169.797,8.752
-761.517,170.722,8.748
-764.224,171.714,8.741
-766.956,172.716,8.776
-769.707,173.725,8.799
-772.414,174.697,8.753
-775.129,175.669,8.778
-777.792,176.699,8.726
-780.550,177.688,8.782
-783.288,178.656,8.760
-785.987,179.693,8.734
-788.741,180.661,8.751
-791.404,181.662,8.727
-794.170,182.625,8.729
-796.873,183.642,8.736
-799.631,184.588,8.786
-802.359,185.610,8.747
-805.095,186.631,8.783
-807.785,187.617,8.747
-810.467,188.591,8.707
-813.210,189.601,8.779
-815.931,190.590,8.771
-818.697,191.604,8.798
-821.364,192.547,8.713
-824.115,193.539,8.733
-826.885,194.539,8.798
-829.581,195.485,8.741
-832.287,196.536,8.720
-835.008,197.488,8.784
-837.749,198.553,8.795
-840.476,199.497,8.731
-843.209,200.440,8.744
-845.899,201.456,8.754
-848.592,202.470,8.727
-851.350,203.413,8.771
-854.075,204.438,8.778
-856.791,205.451,8.781
-859.497,206.454,8.781
-862.264,207.382,8.735
-864.977,208.379,8.777
-867.714,209.387,8.773
-870.392,210.351,8.725
-873.159,211.369,8.755
-875.865,212.342,8.741
-878.585,213.320,8.773
-881.294,214.397,8.757
-884.027,215.374,8.738
-886.725,216.323,8.724
-889.484,217.307,8.739
-892.171,218.352,8.760
-894.916,219.317,8.732
-897.624,220.254,8.709
-900.332,221.300,8.724
-903.063,222.243,8.736
-905.793,223.294,8.787
-908.581,224.263,8.789
-911.245,225.264,8.753
-914.028,226.221,8.799
-916.720,227.231,8.760
-919.398,228.228,8.717
-922.109,229.242,8.713
-924.890,230.179,8.749
-927.579,231.170,8.699
-930.314,232.186,8.780
-933.050,233.199,8.718
-935.760,234.192,8.752
-938.486,235.190,8.735
-941.215,236.186,8.765
-943.928,237.168,8.792
-946.655,238.154,8.766
-949.384,239.138,8.789
-952.081,240.098,8.715
-954.849,241.098,8.725
-955.936,243.207,8.747
-955.888,246.054,8.737
-955.759,248.978,8.777
-955.600,251.890,8.764
-955.429,254.802,8.751
-955.218,257.695,8.787
-955.006,260.594,8.721
-954.744,263.468,8.806
-954.481,266.349,8.789
-954.189,269.216,8.719
-953.832,272.049,8.707
-953.492,275.021,8.731
-953.110,277.849,8.761
-952.705,280.668,8.695
-952.285,283.607,8.716
-951.831,286.405,8.701
-951.362,289.324,8.772
-950.912,292.138,8.748
-948.681,292.113,8.777
-945.973,291.133,8.723
-943.235,290.128,8.767
-940.551,289.154,8.802
-937.809,288.136,8.747
-935.093,287.131,8.732
-932.378,286.122,8.766
-929.631,285.086,8.704
-926.913,284.187,8.725
-924.196,283.162,8.751
-921.493,282.141,8.724
-918.753,281.211,8.746
-916.039,280.172,8.764
-913.298,279.231,8.730
-910.605,278.197,8.744
-907.855,277.239,8.755
-905.179,276.207,8.804
-902.408,275.223,8.769
-899.669,274.255,8.772
-896.948,273.295,8.726
-894.246,272.224,8.773
-891.521,271.250,8.771
-888.830,270.295,8.806
-886.088,269.298,8.759
-883.348,268.297,8.797
-880.629,267.305,8.785
-877.898,266.299,8.770
-875.164,265.285,8.714
-872.481,264.301,8.784
-869.731,263.381,8.763
-867.012,262.360,8.740
-864.305,261.343,8.762
-861.547,260.399,8.782
-858.853,259.379,8.753
-856.109,258.432,8.722
-853.385,257.379,8.781
-850.632,256.413,8.708
-847.971,255.394,8.756
-845.261,254.448,8.800
-842.505,253.461,8.767
-839.763,252.478,8.722
-837.077,251.417,8.723
-834.318,250.410,8.729
-831.624,249.443,8.762
-828.885,248.437,8.720
-826.174,247.445,8.747
-823.428,246.533,8.737
-820.713,245.525,8.724
-817.967,244.488,8.717
-815.287,243.493,8.737
-812.537,242.550,8.762
-809.804,241.503,8.705
-807.090,240.573,8.761
-804.393,239.540,8.736
-801.627,238.557,8.717
-798.929,237.618,8.723
-796.239,236.569,8.735
-793.504,235.589,8.745
-790.762,234.596,8.750
-788.065,233.630,8.790
-785.325,232.624,8.759
-782.579,231.606,8.725
-779.915,230.644,8.792
-777.157,229.603,8.752
-774.407,228.666,8.746
-771.717,227.662,8.781
-768.956,226.702,8.769
-766.242,225.665,8.723
-763.523,224.721,8.741
-760.812,223.671,8.764
-758.097,222.716,8.746
-755.391,221.759,8.798
-752.644,220.762,8.783
-749.915,219.772,8.755
-747.159,218.752,8.734
-744.473,217.780,8.736
-741.760,216.778,8.744
-739.043,215.765,8.748
-736.285,214.814,8.750
-733.612,213.820,8.782
-730.846,212.744,8.716
-728.130,211.800,8.742
-725.387,210.826,8.774
-722.715,209.800,8.767
-719.951,208.793,8.723
-717.250,207.827,8.778
-714.533,206.839,8.762
-711.812,205.840,8.742
-709.031,204.882,8.728
-706.357,203.903,8.735
-703.604,202.851,8.715
-700.867,201.901,8.725
-698.162,200.870,8.732
-695.473,199.941,8.767
-692.729,198.957,8.767
-690.016,197.892,8.763
-687.284,196.899,8.732
-684.585,195.924,8.754
-681.828,194.988,8.782
-679.113,193.980,8.732
-676.439,192.997,8.785
-673.663,192.014,8.737
-670.986,191.009,8.783
-668.237,190.029,8.770
-665.510,189.057,8.745
-662.828,188.018,8.779
-660.076,187.004,8.756
-657.289,186.044,8.730
-654.588,185.052,8.731
-651.921,184.078,8.781
-649.217,183.064,8.776
-646.458,182.083,8.776
-643.720,181.110,8.763
-641.014,180.061,8.746
-638.306,179.092,8.766
-635.567,178.084,8.742
-632.826,177.154,8.755
-630.117,176.150,8.763
-627.408,175.134,8.768
-624.667,174.169,8.768
-621.957,173.130,8.765
-619.216,172.141,8.759
-616.528,171.188,8.777
-613.766,170.156,8.772
-611.066,169.167,8.726
-608.326,168.220,8.742
-605.618,167.200,8.755
-602.880,166.228,8.763
-600.142,165.244,8.768
-597.405,164.248,8.768
-594.710,163.276,8.737
-591.953,162.236,8.739
-589.272,161.252,8.755
-586.541,160.295,8.777
-583.863,159.288,8.784
-581.121,158.294,8.744
-578.394,157.300,8.753
-575.668,156.294,8.758
-572.914,155.332,8.758
-570.245,154.351,8.781
-567.473,153.343,8.782
-564.766,152.382,8.745
-561.998,151.349,8.738
-559.307,150.374,8.743
-556.598,149.366,8.754
-553.861,148.401,8.760
-551.156,147.367,8.761
-548.424,146.376,8.758
-545.695,145.372,8.751
-542.972,144.440,8.774
-540.249,143.409,8.757
-537.532,142.451,8.772
-534.786,141.448,8.745
-532.075,140.463,8.750
-529.368,139.464,8.750
-526.636,138.505,8.745
-523.947,137.492,8.781
-521.202,136.485,8.777
-518.481,135.485,8.757
-515.736,134.523,8.732
-513.014,133.487,8.759
-510.309,132.530,8.759
-507.568,131.517,8.774
-504.872,130.531,8.764
-502.113,129.540,8.768
-499.398,128.577,8.748
-496.680,127.590,8.776
-493.975,126.598,8.745
-491.267,125.583,8.762
-488.485,124.547,8.750
-485.832,123.628,8.768
-483.085,122.667,8.768
-480.352,121.620,8.773
-477.617,120.628,8.762
-474.888,119.621,8.745
-472.170,118.680,8.755
-469.434,117.621,8.737
-466.740,116.663,8.776
-463.991,115.619,8.746
-461.283,114.677,8.772
-458.572,113.705,8.752
-455.878,112.731,8.765
-453.096,111.707,8.760
-450.372,110.724,8.771
-447.644,109.712,8.738
-444.945,108.711,8.773
-442.218,107.724,8.764
-439.499,106.721,8.748
-436.793,105.781,8.759
-434.057,104.779,8.777
-431.337,103.769,8.741
-428.594,102.776,8.745
-425.889,101.803,8.774
-423.163,100.775,8.763
-420.470,99.833,8.766
-417.695,98.832,8.752
-415.002,97.831,8.751
-412.306,96.868,8.776
-409.536,95.854,8.740
-406.817,94.873,8.761
-404.109,93.874,8.773
-401.405,92.920,8.766
-398.646,91.863,8.743
-395.905,90.864,8.743
-393.203,89.885,8.755
-390.460,88.888,8.738
-387.740,87.885,8.744
-385.009,86.902,8.741
-382.345,85.977,8.778
-379.598,84.969,8.769
-376.880,83.965,8.739
-374.146,82.969,8.741
-371.408,81.928,8.746
-368.722,80.992,8.748
-365.976,79.999,8.761
-363.244,78.984,8.764
-360.538,78.035,8.749
-357.797,76.990,8.744
-355.117,76.063,8.761
-352.346,75.021,8.749
-349.658,74.062,8.757
-346.907,73.025,8.749
-344.201,72.081,8.772
-341.460,71.034,8.743
-338.766,70.080,8.744
-336.060,69.126,8.769
-333.301,68.101,8.742
-330.595,67.109,8.756
-327.864,66.160,8.758
-325.121,65.133,8.753
-322.422,64.126,8.765
-319.701,63.158,8.764
-316.949,62.144,8.755
-314.242,61.148,8.762
-311.514,60.190,8.755
-308.802,59.196,8.768
-306.091,58.207,8.767
-303.333,57.199,8.755
-300.621,56.208,8.757
-297.912,55.221,8.745
-295.182,54.256,8.749
-292.470,53.253,8.769
-289.722,52.237,8.744
-286.997,51.255,8.762
-284.297,50.245,8.763
-281.566,49.293,8.748
-278.864,48.316,8.762
-276.107,47.268,8.754
-273.393,46.290,8.745
-270.683,45.299,8.747
-267.961,44.321,8.757
-265.238,43.383,8.763
-262.506,42.314,8.746
-259.776,41.354,8.752
-257.055,40.377,8.764
-254.329,39.338,8.752
-251.618,38.364,8.747
-248.908,37.412,8.758
-246.163,36.377,8.744
-243.446,35.436,8.758
-242.009,36.467,8.748
-241.722,39.308,8.752
-241.483,42.204,8.751
-241.253,45.109,8.761
-241.035,47.951,8.751
-240.840,50.846,8.749
-240.669,53.794,8.754
-240.505,56.651,8.752
-240.395,59.566,8.744
-240.273,62.501,8.770
-240.200,65.378,8.760
-240.103,68.229,8.756
-240.062,71.138,8.743
-240.033,74.043,8.765
-240.015,76.938,8.749
-240.017,79.859,8.753
-240.051,82.733,8.748
-240.108,85.632,8.762
-241.210,87.819,8.770
-243.943,88.777,8.767
-246.661,89.756,8.749
-249.405,90.794,8.760
-252.104,91.750,8.754
-254.836,92.795,8.764
-257.544,93.734,8.759
-260.280,94.746,8.754
-262.993,95.670,8.749
-265.717,96.711,8.764
-268.463,97.707,8.748
-271.189,98.736,8.768
-273.876,99.647,8.754
-276.607,100.676,8.748
-279.329,101.680,8.743
-282.073,102.645,8.758
-284.791,103.641,8.762
-287.509,104.640,8.752
-290.222,105.631,8.765
-292.958,106.597,8.767
-295.666,107.596,8.756
-298.416,108.616,8.764
-301.114,109.614,8.766
-303.834,110.588,8.757
-306.569,111.613,8.767
-309.300,112.557,8.773
-311.993,113.525,8.744
-314.747,114.555,8.746
-317.456,115.511,8.757
-320.185,116.530,8.751
-322.901,117.548,8.773
-325.615,118.498,8.755
-328.343,119.503,8.758
-331.062,120.517,8.750
-333.794,121.498,8.773
-336.523,122.501,8.747
-339.263,123.471,8.751
-341.966,124.486,8.746
-344.681,125.470,8.772
-347.417,126.442,8.749
-350.137,127.417,8.758
-352.845,128.406,8.759
-355.606,129.442,8.770
-358.303,130.398,8.766
-361.040,131.463,8.761
-363.739,132.415,8.741
-366.500,133.428,8.761
-369.193,134.365,8.767
-371.917,135.396,8.742
-374.649,136.396,8.751
-377.364,137.325,8.766
-380.094,138.323,8.761
-382.810,139.340,8.748
-385.531,140.327,8.772
-388.272,141.304,8.744
-390.990,142.291,8.754
-393.692,143.298,8.757
-396.405,144.287,8.753
-399.155,145.296,8.774
-401.863,146.287,8.757
-404.565,147.235,8.744
-407.347,148.267,8.768
-410.041,149.219,8.742
-412.753,150.247,8.777
-415.512,151.226,8.757
-418.189,152.221,8.747
-420.932,153.195,8.763
-423.655,154.194,8.773
-426.388,155.175,8.777
-429.100,156.181,8.775
-431.822,157.170,8.766
-434.553,158.141,8.752
-437.246,159.115,8.743
-440.019,160.171,8.777
-442.729,161.112,8.756
-445.462,162.140,8.751
-448.169,163.105,8.757
-450.898,164.159,8.781
-453.593,165.053,8.748
-456.338,166.074,8.760
-459.042,167.101,8.779
-461.793,168.075,8.739
-464.512,169.069,8.747
-467.239,170.048,8.750
-469.941,171.057,8.747
-472.650,172.050,8.739
-475.395,173.064,8.760
-478.118,174.026,8.742
-480.797,174.997,8.729
-483.572,175.977,8.779
-486.297,177.047,8.768
-488.995,177.972,8.741
-491.696,178.966,8.743
-494.431,179.981,8.774
-497.162,180.967,8.755
-499.880,181.916,8.742
-502.600,182.935,8.759
-505.343,183.961,8.761
-508.055,184.928,8.780
-510.810,185.923,8.772
-513.488,186.899,8.735
-516.230,187.929,8.765
-518.929,188.889,8.766
-521.669,189.877,8.740
-524.406,190.841,8.768
-527.103,191.831,8.743
-529.835,192.841,8.752
-532.589,193.857,8.743
-535.310,194.816,8.754
-538.000,195.815,8.761
-540.732,196.842,8.739
-543.494,197.791,8.775
-546.161,198.803,8.769
-548.904,199.787,8.734
-551.642,200.749,8.757
-554.338,201.739,8.724
-557.097,202.781,8.765
-559.810,203.757,8.777
-562.515,204.706,8.730
-565.248,205.763,8.761
-567.970,206.698,8.760
-570.677,207.694,8.739
-573.418,208.711,8.757
-576.142,209.693,8.783
-578.877,210.670,8.739
-581.570,211.683,8.757
-584.338,212.664,8.743
-587.035,213.651,8.754
-589.772,214.664,8.732
-592.502,215.654,8.774
-595.204,216.602,8.773
-597.910,217.634,8.740
-600.645,218.585,8.771
-603.383,219.622,8.769
-606.093,220.616,8.724
-608.846,221.638,8.774
-611.538,222.585,8.732
-614.272,223.561,8.784
-616.978,224.593,8.764
-619.723,225.551,8.740
-622.423,226.550,8.783
-625.132,227.544,8.752
-627.870,228.555,8.757
-630.609,229.552,8.759
-633.298,230.488,8.727
-636.038,231.460,8.721
-638.753,232.494,8.774
-641.543,233.489,8.793
-644.224,234.465,8.788
-646.926,235.450,8.769
-649.644,236.438,8.724
-652.395,237.446,8.729
-655.125,238.420,8.741
-657.816,239.448,8.749
-660.595,240.444,8.786
-663.272,241.435,8.723
-666.027,242.386,8.763
-668.765,243.411,8.791
-671.468,244.391,8.759
-674.203,245.390,8.780
-676.903,246.346,8.742
-679.613,247.403,8.733
-682.323,248.345,8.754
-685.069,249.309,8.738
-687.752,250.308,8.729
-690.505,251.362,8.739
-693.224,252.267,8.723
-695.973,253.295,8.726
-698.698,254.291,8.737
-701.422,255.274,8.744
-704.142,256.244,8.749
-706.870,257.317,8.784
-709.552,258.231,8.722
-712.274,259.280,8.751
-715.013,260.224,8.787
-717.767,261.281,8.773
-720.447,262.260,8.732
-723.226,263.211,8.793
-725.949,264.210,8.780
-728.646,265.176,8.773
-731.363,266.149,8.754
-734.062,267.207,8.776
-736.820,268.199,8.785
-739.540,269.146,8.728
-742.227,270.167,8.741
-744.979,271.124,8.796
-747.695,272.150,8.764
-750.406,273.164,8.729
-753.146,274.082,8.775
-755.875,275.093,8.780
-758.599,276.091,8.781
-761.319,277.076,8.779
-764.035,278.049,8.775
-766.738,279.115,8.727
-769.470,280.084,8.762
-772.183,281.028,8.717
-774.909,282.089,8.784
-777.660,283.048,8.770
-780.363,284.072,8.753
-783.103,285.004,8.732
-785.819,286.023,8.756
-788.530,287.029,8.776
-791.221,288.010,8.715
-793.967,289.029,8.767
-796.736,289.944,8.737
-799.403,290.997,8.793
-802.164,292.004,8.795
-804.882,292.967,8.723
-807.606,293.928,8.728
-810.303,294.976,8.778
-813.047,295.937,8.734
-815.774,296.876,8.778
-818.483,297.910,8.776
-821.184,298.931,8.771
-823.968,299.894,8.802
-826.663,300.895,8.756
-829.363,301.893,8.791
-832.088,302.903,8.778
-834.849,303.816,8.762
-837.602,304.835,8.783
-840.324,305.820,8.810
-842.977,306.865,8.749
-845.712,307.847,8.725
-848.415,308.797,8.707
-851.177,309.786,8.717
-853.905,310.741,8.732
-856.600,311.785,8.795
-859.340,312.735,8.759
-862.045,313.774,8.769
-864.785,314.711,8.777
-867.500,315.743,8.734
-870.224,316.776,8.739
-872.983,317.707,8.740
-875.684,318.709,8.738
-878.393,319.711,8.783
-881.121,320.721,8.778
-883.836,321.714,8.770
-886.582,322.725,8.800
-889.278,323.691,8.747
-892.004,324.673,8.731
-894.737,325.654,8.764
-897.441,326.608,8.702
-900.231,327.620,8.813
-902.865,328.633,8.704
-905.631,329.614,8.769
-908.367,330.566,8.739
-911.059,331.606,8.756
-913.811,332.558,8.721
-916.518,333.596,8.734
-919.255,334.524,8.744
-921.973,335.560,8.752
-924.673,336.576,8.757
-927.407,337.484,8.716
-930.157,338.526,8.759
-932.887,339.547,8.798
-935.600,340.551,8.792
-938.297,341.536,8.739
-938.158,343.912,8.771
-937.302,346.667,8.735
-936.360,349.494,8.751
-935.460,352.225,8.766
-934.511,354.924,8.737
-933.616,357.669,8.744
-932.687,360.392,8.801
-931.645,363.165,8.719
-930.660,365.853,8.732
-929.666,368.539,8.745
-928.612,371.316,8.759
-927.585,373.985,8.718
-926.489,376.736,8.783
-925.406,379.369,8.698
-924.369,382.041,8.754
-923.192,384.741,8.721
-922.122,387.395,8.723
-920.132,388.069,8.786
-917.370,387.145,8.750
-914.656,386.120,8.764
-911.965,385.107,8.775
-909.202,384.163,8.783
-906.499,383.127,8.736
-903.760,382.188,8.790
-901.065,381.145,8.738
-898.318,380.185,8.734
-895.571,379.218,8.779
-892.888,378.164,8.771
-890.141,377.183,8.719
-887.455,376.246,8.788
-884.697,375.240,8.781
-881.951,374.238,8.721
-879.245,373.262,8.792
-876.540,372.279,8.719
-873.812,371.270,8.743
-871.099,370.266,8.715
-868.392,369.260,8.735
-865.673,368.236,8.752
-862.896,367.285,8.726
-860.223,366.286,8.730
-857.464,365.335,8.740
-854.766,364.298,8.797
-852.056,363.374,8.794
-849.365,362.328,8.797
-846.576,361.319,8.719
-843.855,360.361,8.757
-841.132,359.393,8.754
-838.398,358.407,8.748
-835.726,357.340,8.789
-833.003,356.348,8.731
-830.243,355.441,8.720
-827.514,354.427,8.801
-824.816,353.432,8.738
-822.100,352.413,8.767
-819.313,351.448,8.708
-816.624,350.436,8.770
-813.936,349.417,8.794
-811.200,348.471,8.721
-808.447,347.502,8.739
-805.780,346.476,8.792
-803.022,345.484,8.769
-800.301,344.517,8.782
-797.595,343.555,8.782
-794.860,342.557,8.789
-792.129,341.554,8.759
-789.426,340.567,8.798
-786.683,339.534,8.763
-783.977,338.527,8.763
-781.218,337.583,8.760
-778.546,336.588,8.791
-775.786,335.625,8.750
-773.081,334.581,8.785
-770.332,333.609,8.728
-767.628,332.546,8.725
-764.892,331.567,8.710
-762.196,330.615,8.729
-759.475,329.629,8.754
-756.749,328.629,8.777
-754.006,327.603,8.719
-751.269,326.693,8.772
-748.563,325.681,8.744
-745.831,324.636,8.725
-743.116,323.714,8.728
-740.422,322.684,8.738
-737.678,321.715,8.745
-734.930,320.731,8.750
-732.272,319.704,8.786
-729.530,318.704,8.756
-726.797,317.703,8.796
-724.023,316.768,8.750
-721.318,315.772,8.745
-718.610,314.761,8.738
-715.878,313.717,8.738
-713.165,312.797,8.760
-710.496,311.791,8.778
-707.711,310.777,8.769
-705.004,309.828,8.754
-702.261,308.832,8.773
-699.550,307.856,8.752
-696.803,306.833,8.766
-694.135,305.877,8.772
-691.398,304.839,8.753
-688.615,303.858,8.731
-685.942,302.861,8.729
-683.202,301.899,8.734
-680.506,300.855,8.736
-677.790,299.892,8.778
-675.047,298.889,8.774
-672.338,297.908,8.731
-669.619,296.905,8.764
-666.855,295.955,8.793
-664.144,294.933,8.742
-661.458,293.926,8.730
-658.740,292.983,8.782
-655.989,291.994,8.774
-653.258,291.011,8.753
-650.528,290.016,8.730
-647.789,288.997,8.779
-645.085,288.003,8.790
-642.401,287.016,8.788
-639.642,286.046,8.729
-636.939,285.011,8.731
-634.174,284.004,8.741
-631.475,283.056,8.768
-628.778,282.094,8.791
-626.003,281.034,8.728
-623.307,280.045,8.744
-620.596,279.134,8.798
-617.871,278.084,8.757
-615.116,277.094,8.774
-612.398,276.129,8.755
-609.681,275.150,8.734
-606.958,274.149,8.782
-604.244,273.143,8.754
-601.513,272.101,8.734
-598.819,271.193,8.789
-596.050,270.184,8.762
-593.370,269.154,8.761
-590.652,268.169,8.757
-587.935,267.171,8.749
-585.180,266.217,8.738
-582.450,265.168,8.734
-579.746,264.240,8.745
-576.980,263.221,8.734
-574.281,262.265,8.738
-571.567,261.272,8.748
-568.856,260.265,8.755
-566.147,259.244,8.759
-563.402,258.265,8.758
-560.659,257.272,8.754
-557.948,256.297,8.785
-555.247,255.317,8.746
-552.497,254.258,8.743
-549.775,253.318,8.751
-547.038,252.341,8.767
-544.334,251.281,8.725
-541.651,250.331,8.760
-538.887,249.364,8.764
-536.167,248.329,8.765
-533.446,247.376,8.735
-530.722,246.398,8.765
-528.021,245.429,8.780
-525.296,244.408,8.750
-522.548,243.438,8.769
-519.844,242.402,8.783
-517.095,241.389,8.742
-514.407,240.432,8.773
-511.641,239.454,8.775
-508.953,238.453,8.748
-506.242,237.503,8.766
-503.475,236.455,8.767
-500.749,235.436,8.740
-498.061,234.549,8.771
-495.357,233.514,8.784
-492.610,232.499,8.744
-489.880,231.482,8.749
-487.162,230.559,8.773
-484.462,229.533,8.757
-481.714,228.518,8.749
-478.999,227.524,8.771
-476.261,226.571,8.731
-473.561,225.545,8.745
-470.830,224.551,8.754
-468.070,223.587,8.758
-465.397,222.621,8.781
-462.643,221.611,8.732
-459.931,220.635,8.757
-457.203,219.606,8.743
-454.471,218.644,8.759
-451.747,217.665,8.770
-449.032,216.670,8.777
-446.342,215.682,8.766
-443.592,214.674,8.775
-440.866,213.673,8.766
-438.150,212.656,8.753
-435.432,211.703,8.769
-432.698,210.696,8.746
-429.999,209.709,8.752
-427.242,208.700,8.772
-424.527,207.722,8.767
-421.821,206.727,8.758
-419.090,205.757,8.744
-416.363,204.759,8.775
-413.653,203.754,8.751
-410.912,202.762,8.771
-408.173,201.737,8.748
-405.473,200.840,8.766
-402.741,199.754,8.745
-400.014,198.836,8.764
-397.294,197.794,8.757
-394.575,196.814,8.777
-391.873,195.827,8.742
-389.144,194.850,8.751
-386.426,193.854,8.753
-383.687,192.878,8.750
-380.961,191.883,8.741
-378.242,190.858,8.773
-375.508,189.863,8.752
-372.809,188.891,8.757
-370.063,187.884,8.770
-367.357,186.910,8.763
-364.605,185.901,8.763
-361.894,184.925,8.743
-359.192,183.919,8.763
-356.438,182.965,8.776
-353.745,181.981,8.769
-351.013,180.971,8.737
-348.267,179.981,8.775
-345.541,178.981,8.761
-342.850,178.004,8.772
-340.123,176.998,8.744
-337.375,175.994,8.754
-334.668,175.024,8.744
-331.940,174.055,8.770
-329.210,173.021,8.757
-326.485,172.044,8.769
-323.776,171.045,8.772
-321.054,170.057,8.769
-318.318,169.080,8.758
-315.600,168.081,8.739
-312.864,167.081,8.754
-310.170,166.115,8.750
-307.441,165.102,8.749
-304.717,164.142,8.770
-301.996,163.116,8.753
-299.281,162.142,8.758
-296.528,161.103,8.738
-293.829,160.130,8.752
-291.109,159.137,8.770
-288.384,158.161,8.742
-285.647,157.180,8.743
-282.921,156.147,8.750
-280.226,155.238,8.773
-277.485,154.215,8.762
-274.772,153.184,8.764
-272.040,152.243,8.751
-269.306,151.192,8.749
-266.596,150.247,8.740
-263.869,149.264,8.771
-261.169,148.270,8.756
-258.432,147.291,8.767
-255.721,146.288,8.768
-252.976,145.311,8.759
-250.262,144.326,8.760
-247.534,143.296,8.744
-245.197,142.778,8.758
-245.634,145.577,8.750
-246.115,148.428,8.747
-246.610,151.354,8.750
-247.138,154.126,8.742
-247.655,157.016,8.760
-248.244,159.914,8.763
-248.808,162.707,8.755
-249.388,165.575,8.752
-250.001,168.434,8.761
-250.635,171.221,8.753
-251.273,174.024,8.757
-251.956,176.860,8.745
-252.637,179.683,8.761
-253.351,182.478,8.767
-254.065,185.272,8.764
-254.798,188.140,8.768
-255.541,190.875,8.761
-256.337,193.660,8.760
-257.100,196.467,8.751
-257.944,199.268,8.763
-259.850,201.013,8.763
-262.584,202.028,8.760
-265.299,203.019,8.764
-268.027,203.960,8.775
-270.748,204.934,8.766
-273.474,205.990,8.766
-276.193,206.920,8.757
-278.916,207.932,8.758
-281.625,208.951,8.752
-284.358,209.965,8.768
-287.097,210.913,8.763
-289.797,211.942,8.766
-292.539,212.877,8.748
-295.232,213.866,8.753
-297.961,214.892,8.739
-300.705,215.885,8.762
-303.417,216.843,8.748
-306.124,217.856,8.760
-308.849,218.849,8.765
-311.592,219.821,8.764
-314.315,220.804,8.758
-317.018,221.799,8.745
-319.754,222.818,8.758
-322.480,223.746,8.747
-325.228,224.801,8.767
-327.912,225.753,8.745
-330.629,226.731,8.748
-333.378,227.732,8.766
-336.099,228.731,8.745
-338.793,229.733,8.765
-341.562,230.737,8.765
-344.249,231.735,8.774
-346.981,232.663,8.744
-349.726,233.694,8.762
-352.447,234.740,8.775
-355.134,235.654,8.741
-357.884,236.663,8.743
-360.598,237.662,8.754
-363.325,238.642,8.760
-366.027,239.639,8.760
-368.774,240.688,8.776
-371.490,241.622,8.780
-374.217,242.655,8.748
-376.919,243.590,8.741
-379.679,244.602,8.737
-382.408,245.622,8.779
-385.141,246.609,8.779
-387.847,247.616,8.773
-390.552,248.580,8.776
-393.281,249.552,8.760
-395.982,250.545,8.740
-398.716,251.562,8.749
-401.426,252.494,8.733
-404.151,253.531,8.773
-406.878,254.536,8.769
-409.616,255.523,8.759
-412.364,256.492,8.745
-415.092,257.500,8.769
-417.767,258.492,8.759
-420.492,259.425,8.744
-423.245,260.489,8.777
-425.950,261.430,8.753
-428.660,262.463,8.747
-431.429,263.450,8.780
-434.158,264.448,8.765
-436.841,265.448,8.759
-439.597,266.427,8.780
-442.298,267.394,8.765
-445.007,268.344,8.745
-447.745,269.427,8.778
-450.472,270.344,8.750
-453.203,271.353,8.741
-455.911,272.406,8.774
-458.644,273.358,8.769
-461.358,274.364,8.748
-464.090,275.368,8.770
-466.804,276.317,8.753
-469.485,277.297,8.731
-472.263,278.290,8.778
-474.974,279.263,8.737
-477.657,280.280,8.740
-480.415,281.273,8.776
-483.128,282.283,8.759
-485.848,283.278,8.738
-488.569,284.246,8.776
-491.303,285.209,8.747
-494.024,286.242,8.752
-496.711,287.199,8.728
-499.455,288.215,8.777
-502.195,289.201,8.771
-504.942,290.172,8.761
-507.651,291.177,8.747
-510.349,292.143,8.741
-513.110,293.178,8.746
-515.830,294.127,8.787
-518.559,295.182,8.785
-521.235,296.139,8.765
-523.958,297.140,8.768
-526.686,298.126,8.767
-529.419,299.097,8.763
-532.155,300.163,8.782
-534.881,301.080,8.783
-537.626,302.116,8.796
-540.306,303.042,8.733
-543.060,304.049,8.739
-545.757,305.071,8.753
-548.503,306.024,8.764
-551.207,307.016,8.772
-553.948,308.037,8.747
-556.661,309.001,8.748
-559.357,310.038,8.785
-562.110,311.014,8.749
-564.813,312.022,8.781
-567.573,312.969,8.738
-570.284,313.948,8.763
-572.983,315.011,8.754
-575.700,315.961,8.772
-578.453,316.938,8.757
-581.162,317.958,8.738
-583.866,318.953,8.788
-586.581,319.945,8.762
-589.323,320.953,8.774
-592.043,321.915,8.742
-594.791,322.893,8.748
-597.494,323.917,8.751
-600.246,324.867,8.750
-602.953,325.862,8.746
-605.663,326.842,8.740
-608.399,327.839,8.772
-611.156,328.844,8.789
-613.837,329.859,8.751
-616.579,330.813,8.774
-619.264,331.800,8.729
-622.004,332.838,8.777
-624.691,333.797,8.726
-627.434,334.807,8.769
-630.167,335.789,8.742
-632.882,336.735,8.724
-635.624,337.816,8.789
-638.341,338.733,8.765
-641.053,339.750,8.769
-643.767,340.753,8.771
-646.481,341.742,8.769
-649.227,342.754,8.728
-651.922,343.691,8.732
-654.681,344.687,8.754
-657.359,345.699,8.715
-660.142,346.694,8.775
-662.821,347.677,8.730
-665.603,348.642,8.784
-668.324,349.646,8.766
-671.045,350.636,8.745
-673.746,351.589,8.732
-676.459,352.666,8.738
-679.202,353.640,8.752
-681.944,354.598,8.764
-684.634,355.610,8.773
-687.312,356.596,8.706
-690.094,357.558,8.743
-692.793,358.541,8.716
-695.565,359.591,8.782
-698.261,360.544,8.748
-700.999,361.530,8.746
-703.683,362.572,8.742
-706.417,363.528,8.734
-709.172,364.495,8.769
-711.893,365.540,8.791
-714.581,366.535,8.745
-717.328,367.457,8.772
-720.054,368.470,8.756
-722.776,369.467,8.736
-725.476,370.428,8.725
-728.236,371.441,8.736
-730.920,372.490,8.754
-733.653,373.451,8.770
-736.383,374.397,8.783
-739.088,375.434,8.752
-741.821,376.361,8.728
-744.561,377.412,8.728
-747.247,378.394,8.777
-749.989,379.425,8.739
-752.696,380.409,8.740
-755.421,381.400,8.786
-758.150,382.384,8.739
-760.866,383.344,8.780
-763.607,384.319,8.775
-766.333,385.397,8.805
-769.031,386.307,8.723
-771.746,387.354,8.747
-774.518,388.317,8.734
-777.200,389.310,8.763
-779.907,390.318,8.745
-782.683,391.253,8.773
-785.398,392.249,8.797
-788.095,393.217,8.736
-790.827,394.210,8.710
-793.607,395.239,8.804
-796.250,396.257,8.782
-799.011,397.248,8.751
-801.735,398.193,8.763
-804.406,399.210,8.736
-807.186,400.189,8.735
-809.881,401.212,8.741
-812.665,402.175,8.784
-815.352,403.170,8.748
-818.070,404.186,8.749
-820.780,405.185,8.747
-823.521,406.205,8.782
-826.220,407.174,8.736
-828.949,408.164,8.728
-831.647,409.115,8.726
-834.397,410.106,8.752
-837.142,411.084,8.738
-839.800,412.106,8.730
-842.563,413.084,8.750
-845.322,414.047,8.728
-847.991,415.054,8.713
-850.710,416.100,8.726
-853.469,417.037,8.798
-856.168,418.048,8.765
-858.898,419.079,8.732
-861.684,420.015,8.786
-864.367,420.984,8.756
-867.100,421.992,8.714
-869.809,422.971,8.771
-872.569,423.987,8.818
-875.278,424.948,8.777
-877.954,426.011,8.776
-880.708,426.998,8.814
-883.449,427.964,8.807
-886.177,428.910,8.755
-888.868,429.955,8.742
-891.613,430.901,8.779
-894.307,431.934,8.760
-897.055,432.866,8.791
-899.288,434.035,8.715
-897.873,436.600,8.763
-896.438,439.150,8.715
-894.972,441.675,8.719
-893.557,444.107,8.724
-892.077,446.624,8.728
-890.566,449.115,8.784
-889.057,451.611,8.735
-887.554,454.115,8.781
-886.008,456.581,8.784
-884.479,458.921,8.744
-882.919,461.379,8.746
-881.351,463.831,8.791
-879.707,466.212,8.707
-878.089,468.622,8.709
-876.465,471.027,8.710
-874.833,473.426,8.753
-873.161,475.787,8.712
-871.042,476.661,8.773
-868.264,475.678,8.703
-865.602,474.651,8.716
-862.854,473.679,8.789
-860.100,472.693,8.711
-857.414,471.765,8.810
-854.729,470.681,8.728
-851.995,469.686,8.788
-849.269,468.691,8.794
-846.554,467.696,8.745
-843.779,466.779,8.746
-841.068,465.770,8.796
-838.352,464.747,8.739
-835.656,463.735,8.784
-832.896,462.793,8.723
-830.180,461.741,8.722
-827.449,460.810,8.749
-824.772,459.780,8.733
-822.024,458.811,8.714
-819.283,457.838,8.743
-816.557,456.872,8.721
-813.812,455.875,8.795
-811.152,454.814,8.718
-808.431,453.823,8.788
-805.650,452.901,8.756
-802.937,451.898,8.772
-800.242,450.904,8.737
-797.551,449.902,8.786
-794.760,448.927,8.756
-792.097,447.936,8.803
-789.297,446.929,8.730
-786.657,445.941,8.810
-783.880,444.938,8.772
-781.174,444.000,8.809
-778.489,442.932,8.768
-775.769,441.957,8.800
-773.051,440.972,8.793
-770.306,439.948,8.793
-767.544,439.035,8.735
-764.827,438.017,8.769
-762.132,437.013,8.755
-759.373,436.067,8.737
-756.666,435.028,8.717
-753.917,434.069,8.743
-751.220,433.018,8.767
-748.489,432.056,8.742
-745.733,431.055,8.726
-743.033,430.103,8.735
-740.309,429.113,8.751
-737.580,428.105,8.764
-734.876,427.114,8.730
-732.160,426.096,8.786
-729.489,425.118,8.784
-726.697,424.127,8.754
-724.040,423.140,8.794
-721.270,422.149,8.716
-718.530,421.179,8.762
-715.796,420.202,8.715
-713.147,419.175,8.791
-710.387,418.143,8.750
-707.706,417.189,8.778
-704.906,416.221,8.778
-702.209,415.222,8.723
-699.502,414.199,8.754
-696.737,413.229,8.782
-694.055,412.209,8.766
-691.316,411.243,8.747
-688.575,410.260,8.726
-685.855,409.288,8.748
-683.133,408.301,8.768
-680.410,407.298,8.784
-677.675,406.266,8.724
-674.991,405.281,8.769
-672.239,404.335,8.738
-669.535,403.297,8.789
-666.823,402.370,8.786
-664.052,401.355,8.758
-661.375,400.308,8.761
-658.644,399.312,8.761
-655.942,398.338,8.720
-653.179,397.404,8.760
-650.488,396.413,8.786
-647.768,395.371,8.748
-645.006,394.391,8.779
-642.274,393.434,8.770
-639.596,392.398,8.757
-636.865,391.411,8.742
-634.117,390.385,8.736
-631.428,389.420,8.748
-628.669,388.479,8.769
-625.965,387.461,8.787
-623.216,386.499,8.722
-620.536,385.480,8.777
-617.783,384.479,8.786
-615.061,383.502,8.757
-612.340,382.510,8.724
-609.614,381.493,8.768
-606.920,380.502,8.773
-604.176,379.556,8.776
-601.446,378.480,8.744
-598.745,377.558,8.772
-596.008,376.567,8.766
-593.272,375.561,8.757
-590.562,374.571,8.787
-587.862,373.575,8.738
-585.105,372.614,8.763
-582.403,371.579,8.784
-579.642,370.573,8.739
-576.934,369.622,8.784
-574.220,368.642,8.763
-571.508,367.647,8.740
-568.793,366.628,8.788
-566.038,365.660,8.758
-563.359,364.652,8.768
-560.611,363.654,8.733
-557.889,362.673,8.736
-555.171,361.677,8.736
-552.457,360.666,8.733
-549.719,359.728,8.768
-547.013,358.687,8.760
-544.301,357.744,8.776
-541.566,356.747,8.742
-538.846,355.749,8.765
-536.147,354.760,8.772
-533.377,353.770,8.729
-530.671,352.727,8.742
-527.933,351.741,8.734
-525.226,350.779,8.769
-522.514,349.787,8.742
-519.752,348.822,8.782
-517.051,347.800,8.750
-514.291,346.789,8.727
-511.583,345.838,8.784
-508.872,344.856,8.781
-506.167,343.860,8.776
-503.419,342.898,8.767
-500.725,341.871,8.755
-497.989,340.878,8.740
-495.245,339.845,8.735
-492.558,338.882,8.740
-489.815,337.928,8.754
-487.042,336.897,8.738
-484.361,335.863,8.746
-481.674,334.924,8.776
-478.910,333.955,8.776
-476.201,332.923,8.773
-473.479,331.970,8.740
-470.722,330.928,8.744
-468.024,329.958,8.756
-465.318,328.948,8.778
-462.564,327.952,8.744
-459.875,327.045,8.771
-457.137,326.018,8.731
-454.416,324.990,8.739
-451.676,324.029,8.780
-448.950,323.063,8.755
-446.241,322.095,8.776
-443.518,321.071,8.757
-440.812,320.046,8.783
-438.074,319.059,8.745
-435.365,318.095,8.739
-432.639,317.065,8.755
-429.901,316.112,8.743
-427.181,315.157,8.774
-424.449,314.145,8.767
-421.740,313.142,8.744
-419.035,312.112,8.777
-416.299,311.118,8.747
-413.593,310.148,8.749
-410.826,309.151,8.770
-408.140,308.148,8.765
-405.419,307.169,8.756
-402.662,306.213,8.743
-399.957,305.189,8.784
-397.222,304.200,8.763
-394.516,303.234,8.774
-391.803,302.210,8.746
-389.074,301.250,8.750
-386.334,300.220,8.771
-383.628,299.226,8.766
-380.889,298.252,8.758
-378.162,297.262,8.745
-375.435,296.227,8.742
-372.716,295.308,8.743
-369.969,294.275,8.733
-367.270,293.310,8.780
-364.587,292.340,8.769
-361.834,291.291,8.746
-359.121,290.295,8.740
-356.394,289.359,8.764
-353.664,288.363,8.749
-350.936,287.321,8.744
-348.222,286.411,8.781
-345.477,285.369,8.767
-342.773,284.380,8.770
-340.040,283.406,8.768
-337.320,282.415,8.762
-334.614,281.406,8.752
-331.879,280.412,8.737
-329.174,279.444,8.752
-326.422,278.435,8.779
-323.713,277.491,8.770
-320.985,276.429,8.752
-318.254,275.452,8.748
-315.538,274.457,8.740
-312.809,273.520,8.760
-310.082,272.519,8.743
-307.366,271.488,8.771
-304.651,270.554,8.763
-301.920,269.500,8.746
-299.187,268.530,8.743
-296.469,267.541,8.736
-293.764,266.522,8.771
-291.038,265.525,8.754
-288.300,264.584,8.764
-285.566,263.578,8.738
-282.862,262.598,8.739
-281.745,263.113,8.750
-282.969,265.690,8.758
-284.171,268.348,8.745
-285.417,270.960,8.772
-286.673,273.579,8.744
-287.931,276.181,8.757
-289.195,278.777,8.764
-290.465,281.368,8.764
-291.799,283.981,8.741
-293.073,286.531,8.742
-294.423,289.149,8.741
-295.758,291.675,8.764
-297.113,294.252,8.765
-298.519,296.793,8.759
-299.888,299.358,8.747
-301.304,301.874,8.779
-302.685,304.426,8.754
-304.110,306.912,8.737
-305.566,309.482,8.771
-307.008,311.972,8.780
-308.453,314.438,8.745
-309.928,316.987,8.762
-311.437,319.425,8.754
-312.918,321.931,8.773
-314.457,324.410,8.734
-315.951,326.902,8.743
-318.075,328.600,8.757
-320.801,329.583,8.759
-323.562,330.621,8.778
-326.263,331.586,8.732
-328.973,332.522,8.737
-331.679,333.573,8.745
-334.437,334.547,8.764
-337.161,335.536,8.780
-339.853,336.554,8.736
-342.602,337.509,8.744
-345.339,338.553,8.771
-348.049,339.464,8.743
-350.763,340.508,8.763
-353.488,341.536,8.780
-356.211,342.503,8.763
-358.961,343.496,8.773
-361.658,344.465,8.749
-364.373,345.434,8.767
-367.119,346.439,8.758
-369.827,347.464,8.745
-372.526,348.420,8.753
-375.247,349.385,8.747
-377.988,350.361,8.724
-380.725,351.443,8.767
-383.428,352.396,8.751
-386.169,353.401,8.755
-388.844,354.360,8.732
-391.613,355.348,8.777
-394.336,356.343,8.770
-397.069,357.321,8.761
-399.762,358.323,8.748
-402.482,359.349,8.769
-405.196,360.319,8.750
-407.936,361.313,8.764
-410.685,362.290,8.776
-413.394,363.292,8.784
-416.117,364.289,8.726
-418.833,365.232,8.741
-421.548,366.294,8.765
-424.294,367.232,8.761
-427.021,368.247,8.727
-429.752,369.234,8.754
-432.440,370.248,8.779
-435.193,371.214,8.735
-437.899,372.197,8.754
-440.636,373.213,8.742
-443.358,374.164,8.754
-446.060,375.193,8.736
-448.765,376.196,8.782
-451.535,377.148,8.757
-454.196,378.149,8.743
-456.962,379.179,8.738
-459.699,380.118,8.772
-462.414,381.136,8.775
-465.138,382.138,8.774
-467.869,383.124,8.770
-470.554,384.142,8.764
-473.300,385.097,8.754
-475.999,386.084,8.742
-478.725,387.092,8.766
-481.472,388.111,8.774
-484.203,389.072,8.736
-486.896,390.082,8.752
-489.649,391.027,8.764
-492.346,391.991,8.716
-495.092,393.015,8.751
-497.845,394.025,8.783
-500.527,395.027,8.766
-503.283,395.990,8.734
-505.985,396.977,8.770
-508.685,397.934,8.744
-511.439,398.962,8.731
-514.138,400.015,8.788
-516.889,400.986,8.782
-519.576,401.967,8.785
-522.283,402.959,8.774
-524.996,403.936,8.759
-527.733,404.932,8.783
-530.482,405.922,8.730
-533.230,406.887,8.748
-535.927,407.889,8.764
-538.629,408.876,8.777
-541.362,409.892,8.754
-544.108,410.907,8.791
-546.835,411.867,8.775
-549.526,412.891,8.743
-552.270,413.835,8.785
-554.969,414.829,8.748
-557.692,415.840,8.750
-560.419,416.836,8.749
-563.150,417.816,8.746
-565.885,418.781,8.740
-568.587,419.819,8.775
-571.329,420.754,8.764
-574.029,421.747,8.726
-576.757,422.764,8.740
-579.509,423.797,8.796
-582.218,424.744,8.750
-584.967,425.731,8.732
-587.670,426.776,8.780
-590.408,427.707,8.770
-593.108,428.707,8.744
-595.831,429.722,8.760
-598.519,430.667,8.741
-601.263,431.675,8.739
-604.029,432.698,8.779
-606.735,433.612,8.726
-609.448,434.664,8.761
-612.162,435.701,8.794
-614.910,436.622,8.765
-617.602,437.589,8.734
-620.349,438.618,8.720
-623.091,439.621,8.788
-625.807,440.570,8.794
-628.472,441.577,8.712
-631.245,442.571,8.734
-633.943,443.588,8.765
-636.641,444.591,8.793
-639.427,445.551,8.779
-642.117,446.507,8.729
-644.855,447.513,8.784
-647.583,448.490,8.762
-650.272,449.542,8.784
-653.038,450.538,8.791
-655.717,451.544,8.733
-658.466,452.484,8.747
-661.192,453.523,8.793
-663.890,454.508,8.772
-666.605,455.501,8.737
-669.302,456.455,8.711
-672.036,457.442,8.717
-674.768,458.412,8.721
-677.538,459.415,8.757
-680.245,460.469,8.792
-682.984,461.401,8.757
-685.661,462.385,8.720
-688.383,463.415,8.794
-691.155,464.346,8.787
-693.891,465.363,8.734
-696.617,466.353,8.770
-699.298,467.419,8.791
-702.009,468.362,8.742
-704.755,469.335,8.726
-707.419,470.339,8.719
-710.198,471.324,8.734
-712.893,472.340,8.759
-715.674,473.300,8.737
-718.363,474.281,8.756
-721.094,475.301,8.777
-723.803,476.280,8.746
-726.526,477.264,8.762
-729.272,478.262,8.729
-732.007,479.232,8.789
-734.682,480.267,8.751
-737.434,481.233,8.759
-740.118,482.254,8.765
-742.887,483.213,8.722
-745.580,484.219,8.772
-748.293,485.237,8.773
-751.064,486.161,8.772
-753.803,487.185,8.806
-756.506,488.154,8.763
-759.240,489.147,8.756
-761.904,490.196,8.746
-764.643,491.171,8.784
-767.383,492.134,8.721
-770.114,493.075,8.717
-772.829,494.138,8.738
-775.582,495.081,8.767
-778.253,496.068,8.706
-780.986,497.117,8.721
-783.693,498.123,8.745
-786.491,499.071,8.806
-789.186,500.041,8.785
-791.927,501.052,8.792
-794.644,502.025,8.768
-797.306,503.077,8.729
-800.039,504.046,8.740
-802.777,505.009,8.799
-805.548,505.999,8.794
-808.193,506.989,8.717
-810.993,507.988,8.799
-813.684,509.010,8.798
-816.368,510.012,8.754
-819.139,510.946,8.747
-821.846,511.954,8.790
-824.564,512.962,8.779
-827.267,513.945,8.764
-829.994,514.942,8.747
-832.720,515.929,8.780
-835.453,516.914,8.757
-838.185,517.887,8.784
-837.773,519.631,8.711
-835.832,521.732,8.747
-833.786,523.874,8.739
-831.779,525.902,8.784
-829.689,527.995,8.734
-827.691,530.033,8.767
-825.623,531.989,8.716
-823.513,534.057,8.748
-821.465,536.036,8.780
-819.279,538.015,8.727
-817.168,539.918,8.768
-814.970,541.880,8.755
-812.767,543.834,8.743
-810.607,545.675,8.782
-808.360,547.574,8.768
-806.176,549.382,8.794
-803.866,551.201,8.789
-801.571,553.035,8.773
-799.339,554.778,8.797
-796.917,556.120,8.780
-794.232,555.142,8.789
-791.487,554.079,8.724
-788.743,553.170,8.728
-786.039,552.134,8.739
-783.290,551.194,8.749
-780.600,550.151,8.755
-777.833,549.166,8.720
-775.159,548.119,8.722
-772.439,547.167,8.762
-769.713,546.195,8.759
-766.979,545.201,8.754
-764.240,544.187,8.708
-761.537,543.206,8.789
-758.838,542.218,8.727
-756.055,541.274,8.764
-753.355,540.260,8.748
-750.664,539.244,8.781
-747.906,538.292,8.711
-745.217,537.253,8.789
-742.461,536.277,8.765
-739.737,535.330,8.741
-737.053,534.258,8.762
-734.334,533.290,8.782
-731.628,532.326,8.789
-728.889,531.304,8.718
-726.103,530.369,8.781
-723.421,529.396,8.782
-720.718,528.380,8.792
-717.982,527.307,8.725
-715.236,526.368,8.768
-712.493,525.419,8.773
-709.814,524.379,8.776
-707.063,523.391,8.775
-704.334,522.416,8.727
-701.618,521.446,8.725
-698.909,520.470,8.804
-696.177,519.448,8.713
-693.469,518.445,8.753
-690.759,517.423,8.790
-688.005,516.486,8.779
-685.314,515.462,8.765
-682.556,514.488,8.749
-679.813,513.521,8.779
-677.124,512.453,8.726
-674.413,511.498,8.787
-671.689,510.511,8.765
-668.965,509.507,8.741
-666.257,508.510,8.762
-663.483,507.562,8.781
-660.763,506.516,8.717
-658.087,505.517,8.767
-655.336,504.553,8.735
-652.602,503.597,8.748
-649.867,502.623,8.758
-647.198,501.568,8.766
-644.463,500.561,8.772
-641.689,499.638,8.733
-638.973,498.623,8.780
-636.282,497.629,8.783
-633.591,496.619,8.784
-630.837,495.655,8.782
-628.084,494.674,8.777
-625.420,493.652,8.729
-622.687,492.666,8.766
-619.970,491.687,8.789
-617.264,490.707,8.780
-614.462,489.718,8.734
-611.742,488.679,8.733
-609.075,487.703,8.751
-606.330,486.747,8.778
-603.568,485.745,8.757
-600.914,484.735,8.740
-598.175,483.730,8.759
-595.463,482.749,8.737
-592.699,481.825,8.785
-589.976,480.786,8.770
-587.304,479.812,8.773
-584.523,478.800,8.754
-581.841,477.769,8.765
-579.133,476.835,8.805
-576.386,475.816,8.740
-573.684,474.851,8.776
-570.961,473.830,8.751
-568.204,472.891,8.781
-565.487,471.839,8.752
-562.746,470.884,8.752
-560.009,469.913,8.749
-557.336,468.870,8.744
-554.606,467.868,8.737
-551.836,466.937,8.771
-549.147,465.961,8.790
-546.438,464.929,8.751
-543.681,463.951,8.777
-540.981,462.887,8.734
-538.265,461.936,8.786
-535.546,460.954,8.768
-532.831,459.956,8.749
-530.060,458.996,8.726
-527.372,458.001,8.745
-524.597,456.983,8.731
-521.933,455.983,8.731
-519.200,454.994,8.742
-516.504,454.049,8.780
-513.773,453.013,8.721
-511.014,452.062,8.766
-508.333,451.071,8.796
-505.577,450.074,8.773
-502.841,449.087,8.734
-500.104,448.074,8.769
-497.397,447.091,8.767
-494.695,446.093,8.763
-491.941,445.128,8.756
-489.251,444.099,8.747
-486.509,443.104,8.736
-483.791,442.128,8.763
-481.092,441.163,8.774
-478.379,440.141,8.736
-475.622,439.167,8.755
-472.871,438.177,8.771
-470.208,437.172,8.753
-467.472,436.151,8.765
-464.706,435.209,8.742
-462.001,434.193,8.788
-459.250,433.219,8.760
-456.581,432.221,8.770
-453.845,431.216,8.737
-451.133,430.232,8.742
-448.372,429.278,8.744
-445.675,428.264,8.743
-442.929,427.279,8.740
-440.191,426.278,8.734
-437.477,425.299,8.766
-434.783,424.331,8.781
-432.078,423.306,8.750
-429.332,422.324,8.773
-426.606,421.353,8.780
-423.870,420.324,8.743
-421.176,419.361,8.783
-418.429,418.408,8.766
-415.708,417.305,8.735
-412.984,416.337,8.767
-410.279,415.376,8.781
-407.566,414.361,8.753
-404.823,413.410,8.762
-402.063,412.376,8.743
-399.349,411.421,8.733
-396.633,410.422,8.733
-393.917,409.381,8.745
-391.191,408.458,8.764
-388.504,407.413,8.757
-385.787,406.431,8.784
-383.028,405.484,8.744
-380.331,404.470,8.766
-377.589,403.479,8.785
-374.861,402.484,8.737
-372.163,401.530,8.774
-369.447,400.475,8.735
-369.447,400.475,8.735
-366.879,402.612,8.743
-364.560,402.486,8.787
-362.448,399.917,8.779
-360.335,397.308,8.780
-358.263,394.783,8.785
-356.168,392.148,8.774
-354.113,389.599,8.767
-352.037,386.939,8.746
-349.992,384.337,8.741
-347.956,381.723,8.731
-345.925,379.085,8.775
-343.960,376.413,8.753
-341.965,373.805,8.761
-339.971,371.160,8.773
-338.025,368.424,8.747
-336.057,365.782,8.736
-334.134,363.040,8.743
-332.183,360.364,8.778
-330.294,357.654,8.749
-328.412,354.922,8.771
-326.547,352.208,8.773
-324.628,349.470,8.739
-322.774,346.706,8.741
-320.970,343.871,8.750
-319.155,341.157,8.759
-317.329,338.362,8.740
-315.524,335.600,8.750
-313.777,332.796,8.752
-311.976,329.958,8.766
-310.248,327.135,8.754
-308.520,324.273,8.748
-306.815,321.448,8.760
-305.125,318.640,8.760
-303.430,315.767,8.771
-301.740,312.868,8.736
-300.129,310.020,8.751
-298.462,307.120,8.739
-296.861,304.226,8.752
-295.269,301.323,8.757
-293.685,298.412,8.753
-292.111,295.492,8.742
-290.586,292.523,8.772
-289.030,289.587,8.744
-287.537,286.659,8.741
-286.038,283.667,8.745
-284.559,280.712,8.773
-283.091,277.761,8.744
-281.671,274.764,8.754
-280.259,271.758,8.755
-278.855,268.746,8.747
-277.456,265.715,8.776
-276.068,262.689,8.749
-274.740,259.675,8.745
-273.423,256.671,8.763
-272.125,253.513,8.737
-270.817,250.468,8.749
-269.555,247.390,8.751
-268.317,244.381,8.761
-267.108,241.265,8.743
-265.877,238.216,8.747
-264.695,235.152,8.769
-263.530,231.936,8.748
-262.415,228.911,8.766
-261.279,225.760,8.741
-260.183,222.566,8.749
-259.079,219.498,8.747
-258.046,216.345,8.749
-257.022,213.205,8.766
-255.993,210.016,8.759
-255.003,206.797,8.741
-254.038,203.666,8.753
-253.070,200.504,8.768
-252.141,197.313,8.770
-251.249,194.094,8.761
-250.371,190.919,8.769
-249.528,187.716,8.766
-248.688,184.510,8.750
-247.879,181.266,8.760
-247.085,178.078,8.749
-246.322,174.852,8.763
-245.592,171.599,8.764
-244.862,168.344,8.752
-244.174,165.111,8.757
-243.516,161.852,8.748
-242.897,158.615,8.756
-242.265,155.318,8.756
-241.667,152.026,8.752
-241.116,148.803,8.770
-240.559,145.563,8.754
-240.054,142.262,8.758
-239.545,138.960,8.749
-239.071,135.683,8.755
-238.636,132.458,8.762
-238.201,129.105,8.754
-237.847,125.857,8.763
-237.463,122.505,8.756
-237.116,119.207,8.751
-236.798,115.933,8.761
-236.523,112.613,8.757
-236.232,109.265,8.753
-235.999,105.949,8.750
-235.798,102.686,8.748
-235.604,99.373,8.747
-235.458,96.062,8.760
-235.299,92.753,8.759
-235.216,89.451,8.760
-235.107,86.107,8.746
-235.045,82.781,8.763
-235.027,79.471,8.767
-235.015,76.139,8.757
-235.037,72.794,8.751
-235.086,69.520,8.759
-235.154,66.185,8.742
-235.277,62.928,8.757
-235.368,59.530,8.746
-235.543,56.232,8.766
-235.727,52.955,8.765
-235.928,49.634,8.753
-236.156,46.315,8.758
-236.415,43.010,8.758
-236.707,39.735,8.761
-236.996,36.371,8.758
-237.333,33.095,8.766
-237.673,29.757,8.753
-238.065,26.523,8.764
-238.474,23.204,8.755
-238.929,19.970,8.760
-239.371,16.646,8.761
-239.858,13.337,8.748
-240.379,10.085,8.765
-240.901,6.797,8.751
-241.483,3.568,8.756
-242.051,0.207,8.751
-242.663,-3.005,8.759
-243.312,-6.274,8.763
-243.966,-9.501,8.748
-244.648,-12.797,8.751
-245.383,-15.989,8.762
-246.093,-19.264,8.754
-246.870,-22.462,8.756
-247.650,-25.674,8.756
-248.453,-28.908,8.763
-249.263,-32.147,8.749
-250.142,-35.314,8.746
-251.017,-38.511,8.766
-251.924,-41.713,8.752
-252.840,-44.920,8.747
-253.794,-48.080,8.761
-254.764,-51.236,8.764
-255.759,-54.416,8.755
-256.754,-57.620,8.748
-257.815,-60.744,8.756
-258.870,-63.870,8.766
-259.940,-67.042,8.756
-261.074,-70.114,8.762
-262.165,-73.284,8.751
-263.330,-76.385,8.755
-264.480,-79.510,8.751
-265.708,-82.572,8.762
-266.886,-85.709,8.754
-268.137,-88.763,8.761
-269.396,-91.823,8.746
-272.074,-93.621,8.769
-274.976,-95.239,8.768
-277.869,-96.857,8.762
-280.752,-98.471,8.751
-283.665,-100.075,8.766
-286.437,-101.607,9.425
-289.051,-103.042,10.899
-291.613,-104.494,12.375
-294.211,-105.939,13.637
-296.819,-107.372,12.161
-299.411,-108.814,10.668
-302.035,-110.221,9.202
-304.837,-111.801,8.751
-307.727,-113.408,8.765
-310.618,-115.017,8.758
-313.548,-116.598,8.759
-316.420,-118.226,8.761
-319.357,-119.836,8.764
-322.245,-121.449,8.764
-325.146,-123.047,8.762
-328.040,-124.681,8.768
-330.931,-126.276,8.755
-333.877,-127.860,8.772
-336.734,-129.495,8.759
-339.657,-131.111,8.747
-342.582,-132.680,8.769
-345.220,-134.204,9.891
-347.800,-135.635,11.372
-350.427,-137.046,12.865
-353.000,-138.498,13.176
-355.622,-139.928,11.691
-358.158,-141.415,10.180
-360.803,-142.809,8.743
-363.736,-144.415,8.767
-366.627,-146.023,8.757
-369.532,-147.636,8.757
-372.451,-149.254,8.767
-375.344,-150.861,8.771
-378.208,-152.492,8.766
-381.072,-154.095,8.746
-384.019,-155.704,8.763
-386.966,-157.283,8.766
-389.787,-158.928,8.745
-392.720,-160.527,8.756
-395.624,-162.145,8.760
-398.528,-163.728,8.751
-401.385,-165.333,8.874
-403.991,-166.767,10.356
-406.591,-168.198,11.849
-409.181,-169.665,13.355
-411.824,-171.064,12.703
-414.393,-172.524,11.212
-416.972,-173.971,9.725
-419.721,-175.467,8.770
-422.604,-177.072,8.768
-425.513,-178.664,8.751
-428.404,-180.300,8.761
-431.298,-181.888,8.760
-434.185,-183.515,8.748
-437.117,-185.121,8.756
-439.990,-186.739,8.763
-442.918,-188.331,8.749
-445.759,-189.942,8.740
-448.695,-191.558,8.743
-451.602,-193.173,8.740
-454.496,-194.781,8.769
-457.400,-196.375,8.746
-460.182,-197.901,9.388
-462.820,-199.362,10.879
-465.338,-200.791,12.318
-467.928,-202.225,13.672
-470.559,-203.674,12.203
-473.157,-205.110,10.714
-475.733,-206.575,9.245
-478.572,-208.094,8.744
-481.469,-209.720,8.763
-484.365,-211.328,8.774
-487.261,-212.919,8.776
-490.132,-214.543,8.727
-493.110,-216.124,8.785
-495.961,-217.762,8.764
-498.886,-219.362,8.765
-501.736,-220.958,8.728
-504.669,-222.562,8.757
-507.549,-224.205,8.736
-510.474,-225.815,8.750
-513.370,-227.408,8.759
-516.334,-229.014,8.791
-518.964,-230.504,9.829
-521.596,-231.913,11.351
-524.199,-233.347,12.837
-526.771,-234.806,13.208
-529.338,-236.235,11.747
-531.953,-237.674,10.249
-534.544,-239.137,8.780
-537.452,-240.728,8.761
-540.352,-242.344,8.734
-543.230,-243.987,8.752
-546.177,-245.537,8.745
-549.047,-247.173,8.750
-551.993,-248.768,8.780
-554.810,-250.403,8.722
-557.749,-251.989,8.739
-560.633,-251.523,8.749
-563.492,-249.794,8.745
-566.360,-248.049,8.790
-569.139,-246.245,8.746
-571.868,-244.434,8.772
-574.612,-242.551,8.738
-577.270,-240.608,8.724
-579.964,-238.644,8.759
-582.659,-236.609,8.790
-585.197,-234.581,8.752
-587.750,-232.478,8.766
-590.303,-230.302,8.777
-592.800,-228.119,8.749
-595.239,-225.870,8.741
-597.610,-223.617,8.752
-599.987,-221.230,8.761
-601.352,-218.999,8.734
-598.492,-217.380,8.766
-595.717,-215.884,9.373
-593.073,-214.441,10.847
-590.521,-212.998,12.334
-587.911,-211.584,13.658
-585.338,-210.122,12.212
-582.693,-208.692,10.688
-580.138,-207.263,9.204
-577.369,-205.668,8.783
-574.456,-204.068,8.751
-571.479,-202.505,8.734
-568.601,-200.888,8.740
-565.736,-199.235,8.777
-562.818,-197.618,8.773
-559.892,-196.027,8.764
-556.986,-194.456,8.732
-554.128,-192.788,8.740
-551.228,-191.209,8.746
-548.326,-189.601,8.745
-545.420,-187.965,8.738
-542.494,-186.360,8.775
-539.646,-184.761,8.785
-536.948,-183.304,9.859
-534.305,-181.855,11.321
-531.741,-180.405,12.840
-529.179,-178.976,13.219
-526.544,-177.537,11.702
-523.971,-176.102,10.226
-521.318,-174.660,8.732
-518.464,-173.045,8.774
-515.517,-171.435,8.736
-512.653,-169.827,8.763
-509.784,-168.199,8.783
-506.864,-166.615,8.756
-503.956,-165.006,8.765
-501.044,-163.378,8.767
-498.126,-161.782,8.761
-495.275,-160.143,8.776
-492.318,-158.571,8.760
-489.429,-156.957,8.763
-486.535,-155.327,8.759
-483.635,-153.731,8.747
-480.752,-152.159,8.849
-478.130,-150.710,10.345
-475.556,-149.268,11.807
-472.962,-147.813,13.290
-470.380,-146.378,12.728
-467.782,-144.930,11.226
-465.175,-143.512,9.736
-462.478,-142.019,8.760
-459.569,-140.414,8.756
-456.654,-138.799,8.743
-453.780,-137.203,8.752
-450.844,-135.576,8.764
-447.958,-133.963,8.756
-445.067,-132.343,8.739
-442.162,-130.766,8.754
-439.249,-129.140,8.760
-436.332,-127.552,8.757
-433.454,-125.940,8.774
-430.527,-124.344,8.752
-427.637,-122.725,8.751
-424.742,-121.103,8.740
-422.003,-119.526,9.357
-419.385,-118.092,10.826
-416.775,-116.687,12.301
-414.168,-115.270,13.714
-411.575,-113.791,12.252
-408.989,-112.385,10.765
-406.389,-110.935,9.290
-403.593,-109.379,8.764
-400.660,-107.776,8.746
-397.808,-106.168,8.768
-394.879,-104.566,8.757
-391.986,-102.943,8.765
-389.089,-101.327,8.761
-386.186,-99.719,8.747
-383.267,-98.124,8.756
-380.395,-96.505,8.749
-377.438,-94.907,8.744
-374.545,-93.313,8.748
-371.656,-91.683,8.766
-368.749,-90.073,8.747
-365.890,-88.436,8.769
-363.207,-86.957,9.828
-360.554,-85.580,11.290
-357.974,-84.107,12.791
-355.408,-82.663,13.238
-352.809,-81.205,11.773
-350.217,-79.785,10.290
-347.618,-78.333,8.787
-344.730,-76.729,8.757
-341.835,-75.105,8.766
-338.902,-73.530,8.750
-336.028,-71.877,8.761
-333.129,-70.264,8.769
-330.226,-68.670,8.762
-327.292,-67.086,8.753
-324.422,-65.456,8.767
-321.508,-63.849,8.760
-318.603,-62.253,8.756
-315.667,-60.671,8.750
-312.793,-59.042,8.764
-309.907,-57.407,8.764
-307.023,-55.791,8.816
-304.405,-54.376,10.291
-301.821,-52.932,11.782
-299.220,-51.520,13.269
-296.608,-50.091,12.771
-294.016,-48.650,11.288
-291.412,-47.194,9.793
-288.766,-45.681,8.762
-285.835,-44.112,8.747
-282.930,-42.491,8.759
-280.024,-40.900,8.756
-277.133,-39.271,8.767
-274.229,-37.646,8.762
-271.317,-36.063,8.766
-268.424,-34.432,8.760
-265.523,-32.844,8.763
-262.610,-31.262,8.749
-259.913,-29.737,9.712
-257.311,-28.289,11.190
-254.717,-26.841,12.691
-252.250,-25.294,13.317
-250.152,-23.221,11.746
-248.062,-21.189,10.174
-246.066,-19.059,8.750
-245.343,-15.811,8.771
-244.630,-12.616,8.746
-243.934,-9.347,8.756
-243.284,-6.109,8.749
-242.647,-2.864,8.745
-242.052,0.461,8.762
-241.453,3.681,8.755
-240.871,6.910,8.750
-240.357,10.226,8.749
-239.850,13.524,8.762
-239.346,16.787,8.745
-238.894,20.083,8.757
-238.462,23.391,8.768
-238.053,26.641,8.746
-237.666,29.973,8.751
-237.301,33.236,8.747
-237.089,36.428,8.872
-239.397,36.875,11.202
-241.715,37.411,13.554
-242.714,36.947,10.875
-243.609,36.481,9.805
-244.507,36.021,12.956
-246.652,34.785,12.661
-249.236,33.334,11.161
-251.833,31.883,9.676
-254.555,30.436,8.765
-257.445,28.809,8.746
-260.353,27.183,8.750
-263.276,25.609,8.764
-266.177,23.999,8.758
-269.051,22.344,8.758
-271.950,20.698,8.754
-274.866,19.158,8.746
-277.765,17.534,8.770
-280.648,15.888,8.746
-283.562,14.308,8.745
-286.486,12.752,8.766
-289.405,11.134,8.764
-292.280,9.502,8.767
-295.030,7.942,9.405
-297.631,6.476,10.888
-300.216,5.051,12.370
-302.829,3.631,13.649
-305.435,2.210,12.163
-308.018,0.765,10.686
-310.642,-0.658,9.207
-313.439,-2.241,8.767
-316.318,-3.857,8.749
-319.229,-5.479,8.752
-322.161,-7.022,8.765
-325.032,-8.698,8.762
-327.914,-10.307,8.750
-330.859,-11.886,8.767
-333.730,-13.508,8.757
-336.623,-15.151,8.748
-339.555,-16.699,8.769
-342.426,-18.366,8.742
-345.337,-19.939,8.746
-348.272,-21.534,8.750
-351.143,-23.151,8.749
-353.833,-24.619,9.880
-356.433,-26.077,11.381
-359.015,-27.496,12.861
-361.614,-28.934,13.161
-364.200,-30.375,11.697
-366.826,-31.813,10.208
-369.419,-33.272,8.766
-372.331,-34.850,8.758
-375.256,-36.461,8.766
-378.125,-38.072,8.751
-381.008,-39.714,8.752
-383.926,-41.322,8.740
-386.815,-42.904,8.755
-389.704,-44.529,8.762
-392.629,-46.119,8.754
-395.559,-47.702,8.766
-398.442,-49.317,8.751
-401.338,-50.964,8.755
-404.214,-52.572,8.752
-407.129,-54.191,8.771
-409.981,-55.804,8.867
-412.619,-57.183,10.368
-415.188,-58.646,11.858
-417.825,-60.092,13.344
-420.398,-61.519,12.684
-423.011,-62.951,11.209
-425.623,-64.365,9.743
-428.275,-65.929,8.755
-431.191,-67.495,8.770
-434.129,-69.084,8.770
-437.033,-70.686,8.770
-439.910,-72.341,8.770
-442.795,-73.932,8.755
-445.718,-75.535,8.763
-448.566,-77.172,8.740
-451.492,-78.797,8.768
-454.387,-80.378,8.754
-457.321,-81.973,8.763
-460.178,-83.597,8.742
-463.114,-85.211,8.773
-466.026,-86.824,8.761
-468.829,-88.331,9.381
-471.399,-89.794,10.842
-473.981,-91.227,12.307
-476.579,-92.678,13.694
-479.186,-94.100,12.213
-481.802,-95.545,10.750
-484.364,-96.992,9.236
-487.161,-98.553,8.759
-490.095,-100.127,8.752
-492.971,-101.762,8.752
-495.907,-103.348,8.772
-498.796,-104.988,8.751
-501.689,-106.553,8.764
-504.580,-108.201,8.771
-507.447,-109.838,8.730
-510.391,-111.419,8.750
-513.300,-112.993,8.770
-516.231,-114.587,8.778
-519.130,-116.224,8.786
-522.004,-117.847,8.744
-524.886,-119.442,8.739
-527.600,-120.918,9.842
-530.166,-122.370,11.319
-532.777,-123.826,12.789
-535.363,-125.260,13.240
-537.917,-126.728,11.711
-540.548,-128.134,10.238
-543.143,-129.576,8.752
-546.063,-131.196,8.771
-548.932,-132.806,8.749
-551.837,-134.374,8.756
-554.736,-136.026,8.757
-557.698,-137.571,8.781
-560.556,-139.234,8.776
-563.505,-140.835,8.789
-566.348,-142.440,8.772
-569.256,-144.050,8.779
-572.140,-145.691,8.730
-575.033,-147.297,8.726
-577.992,-148.850,8.746
-580.843,-150.519,8.735
-583.764,-152.074,8.856
-586.370,-153.512,10.322
-588.965,-154.973,11.797
-591.551,-156.396,13.283
-594.162,-157.832,12.732
-596.778,-159.284,11.284
-599.343,-160.710,9.770
-601.999,-162.188,8.726
-604.935,-163.791,8.733
-607.836,-165.426,8.740
-610.730,-167.025,8.741
-613.659,-168.637,8.773
-616.539,-170.223,8.764
-619.169,-171.708,10.000
-621.814,-173.146,11.515
-624.360,-174.625,12.950
-626.971,-174.928,12.863
-629.425,-174.094,10.802
-631.928,-173.246,8.816
-633.111,-170.142,8.730
-634.159,-166.996,8.754
-635.094,-163.864,8.765
-635.919,-160.623,8.764
-636.702,-157.381,8.783
-637.273,-154.121,8.761
-637.802,-150.863,8.759
-638.217,-147.563,8.746
-638.537,-144.217,8.778
-638.644,-140.926,8.769
-638.708,-137.640,8.781
-638.659,-134.319,8.781
-638.496,-130.964,8.769
-638.168,-127.720,8.770
-637.462,-124.660,8.779
-634.528,-123.032,8.741
-631.604,-121.422,8.755
-628.725,-119.820,8.741
-625.853,-118.174,8.778
-622.863,-116.653,8.728
-620.043,-114.970,8.787
-617.106,-113.413,8.760
-614.159,-111.820,8.728
-611.287,-110.161,8.778
-608.396,-108.594,8.768
-605.490,-106.931,8.755
-602.894,-105.485,10.204
-600.278,-104.065,11.696
-597.707,-102.646,13.151
-595.072,-101.211,12.827
-592.519,-99.762,11.383
-589.866,-98.312,9.867
-587.205,-96.885,8.729
-584.355,-95.252,8.747
-581.398,-93.628,8.736
-578.531,-91.992,8.745
-575.631,-90.394,8.753
-572.725,-88.824,8.758
-569.808,-87.225,8.757
-566.933,-85.574,8.731
-564.041,-83.956,8.755
-561.143,-82.366,8.774
-558.260,-80.737,8.782
-555.330,-79.155,8.743
-552.404,-77.541,8.747
-549.514,-75.936,8.780
-546.670,-74.394,9.176
-544.090,-72.922,10.688
-541.530,-71.463,12.172
-538.910,-70.054,13.657
-536.305,-68.603,12.359
-533.753,-67.148,10.909
-531.110,-65.761,9.398
-528.363,-64.224,8.766
-525.448,-62.574,8.739
-522.594,-60.977,8.783
-519.646,-59.403,8.752
-516.751,-57.772,8.742
-513.827,-56.187,8.735
-510.931,-54.560,8.757
-508.056,-52.950,8.765
-505.103,-51.359,8.742
-502.212,-49.763,8.739
-499.308,-48.148,8.731
-496.471,-46.468,8.783
-493.525,-44.884,8.771
-490.666,-43.278,8.772
-487.894,-41.813,9.669
-485.309,-40.367,11.157
-482.721,-38.893,12.668
-480.131,-37.501,13.387
-477.555,-36.014,11.894
-474.909,-34.600,10.388
-472.344,-33.158,8.908
-469.453,-31.583,8.736
-466.596,-29.962,8.754
-463.661,-28.374,8.743
-460.752,-26.747,8.758
-457.889,-25.119,8.755
-454.963,-23.517,8.759
-452.083,-21.913,8.744
-449.180,-20.308,8.768
-446.271,-18.686,8.743
-443.352,-17.107,8.756
-440.465,-15.483,8.751
-437.564,-13.850,8.740
-434.652,-12.262,8.766
-431.734,-10.660,8.745
-429.153,-9.189,10.158
-426.548,-7.766,11.637
-423.962,-6.302,13.130
-421.336,-4.901,12.903
-418.770,-3.422,11.421
-416.164,-2.008,9.919
-413.474,-0.591,8.749
-410.609,1.069,8.769
-407.672,2.678,8.762
-404.778,4.291,8.741
-401.931,5.913,8.773
-398.985,7.510,8.751
-396.093,9.125,8.743
-393.178,10.732,8.769
-390.270,12.309,8.750
-387.381,13.923,8.757
-384.475,15.537,8.757
-381.605,17.209,8.771
-378.651,18.749,8.745
-375.765,20.382,8.749
-372.955,21.952,9.173
-370.360,23.400,10.632
-367.754,24.802,12.112
-365.159,26.243,13.606
-362.576,27.726,12.417
-359.994,29.180,10.947
-357.387,30.572,9.439
-354.622,32.076,8.768
-351.721,33.716,8.755
-348.801,35.293,8.749
-345.938,36.968,8.767
-343.046,38.566,8.769
-340.137,40.159,8.766
-337.183,41.709,8.747
-334.342,43.388,8.769
-331.414,44.958,8.759
-328.509,46.587,8.761
-325.604,48.178,8.759
-322.720,49.830,8.769
-319.812,51.403,8.766
-316.899,52.994,8.746
-314.144,54.492,9.629
-311.575,55.951,11.114
-308.967,57.380,12.598
-306.389,58.835,13.426
-303.786,60.283,11.953
-301.185,61.705,10.457
-298.607,63.145,8.970
-295.742,64.766,8.751
-292.844,66.358,8.751
-289.923,67.942,8.746
-287.047,69.588,8.765
-284.126,71.181,8.751
-281.224,72.781,8.763
-278.342,74.401,8.770
-275.446,76.039,8.760
-272.531,77.597,8.743
-269.608,79.191,8.753
-266.720,80.850,8.762
-263.821,82.456,8.751
-260.910,83.998,8.752
-258.006,85.633,8.752
-255.399,87.096,10.100
-252.786,88.523,11.589
-250.184,89.973,13.070
-247.621,91.435,12.943
-245.020,92.860,11.458
-242.428,94.310,9.981
-239.748,95.761,8.748
-236.864,97.347,8.744
-235.641,99.921,8.748
-235.834,103.234,8.747
-236.033,106.497,8.747
-236.264,109.814,8.747
-236.553,113.162,8.749
-236.852,116.459,8.751
-237.180,119.780,8.768
-237.526,123.079,8.771
-237.892,126.355,8.759
-238.288,129.655,8.764
-238.706,132.932,8.754
-239.157,136.233,8.760
-239.630,139.511,8.751
-240.139,142.812,8.759
-240.647,146.130,8.771
-242.357,147.821,10.153
-244.670,148.689,12.295
-246.873,148.975,12.898
-248.683,147.988,10.327
-250.533,147.021,9.775
-252.326,145.967,12.335
-254.519,144.817,13.084
-257.107,143.265,11.587
-259.705,141.889,10.103
-262.321,140.441,8.763
-265.248,138.818,8.757
-268.140,137.191,8.750
-271.033,135.566,8.751
-273.953,134.013,8.753
-276.833,132.328,8.751
-279.733,130.801,8.745
-282.646,129.187,8.752
-285.553,127.544,8.757
-288.448,125.955,8.755
-291.338,124.336,8.751
-294.245,122.744,8.740
-297.143,121.109,8.763
-300.063,119.511,8.743
-302.917,117.919,8.967
-305.499,116.500,10.460
-308.094,115.004,11.938
-310.702,113.606,13.428
-313.312,112.193,12.600
-315.910,110.736,11.130
-318.470,109.265,9.628
-321.211,107.807,8.752
-324.106,106.137,8.744
-327.007,104.536,8.751
-329.895,102.963,8.742
-332.806,101.326,8.750
-335.712,99.731,8.767
-338.636,98.141,8.749
-341.528,96.542,8.766
-344.424,94.921,8.742
-347.342,93.309,8.746
-350.235,91.698,8.747
-353.166,90.122,8.763
-356.047,88.508,8.763
-358.942,86.886,8.747
-361.691,85.369,9.446
-364.302,83.903,10.949
-366.892,82.451,12.422
-369.478,81.039,13.596
-372.094,79.644,12.137
-374.678,78.180,10.650
-377.276,76.710,9.139
-380.085,75.162,8.739
-382.986,73.505,8.749
-385.879,71.941,8.746
-388.774,70.281,8.750
-391.712,68.711,8.759
-394.628,67.146,8.765
-397.514,65.512,8.749
-400.387,63.897,8.759
-403.298,62.296,8.754
-406.208,60.662,8.746
-409.127,59.071,8.766
-411.993,57.452,8.751
-414.929,55.880,8.751
-417.824,54.231,8.760
-420.499,52.820,9.957
-423.069,51.334,11.399
-425.658,49.906,12.915
-428.286,48.493,13.147
-430.864,47.003,11.664
-433.438,45.548,10.158
-436.067,44.122,8.746
-439.001,42.535,8.768
-441.882,40.925,8.761
-444.783,39.304,8.740
-447.654,37.686,8.760
-450.567,36.077,8.763
-453.460,34.480,8.762
-456.409,32.903,8.779
-459.264,31.210,8.744
-462.173,29.659,8.753
-465.077,28.010,8.768
-468.006,26.413,8.764
-470.916,24.832,8.757
-473.837,23.229,8.783
-476.658,21.636,8.918
-479.252,20.198,10.425
-481.849,18.739,11.894
-484.484,17.347,13.397
-487.077,15.898,12.672
-489.611,14.379,11.147
-492.258,12.986,9.694
-494.919,11.456,8.734
-497.839,9.851,8.744
-500.765,8.281,8.743
-503.641,6.645,8.754
-506.546,5.064,8.745
-509.424,3.435,8.739
-512.386,1.836,8.746
-515.258,0.206,8.774
-518.184,-1.352,8.773
-521.084,-2.956,8.776
-523.941,-4.617,8.740
-526.883,-6.188,8.759
-529.758,-7.830,8.750
-532.654,-9.424,8.770
-535.446,-10.988,9.396
-538.037,-12.392,10.900
-540.632,-13.816,12.361
-543.214,-15.269,13.637
-545.863,-16.702,12.189
-548.391,-18.169,10.661
-551.015,-19.598,9.184
-553.790,-21.148,8.737
-556.730,-22.752,8.731
-559.603,-24.358,8.735
-562.497,-25.978,8.728
-565.452,-27.590,8.745
-568.300,-29.224,8.737
-571.235,-30.836,8.745
-574.127,-32.433,8.757
-577.066,-34.030,8.744
-579.939,-35.624,8.747
-582.846,-37.225,8.782
-585.760,-38.848,8.757
-588.647,-40.444,8.784
-591.540,-42.062,8.750
-594.192,-43.567,9.851
-596.831,-44.969,11.386
-599.407,-46.422,12.843
-601.410,-47.587,12.534
-602.562,-48.133,9.483
-603.657,-48.776,11.059
-604.972,-49.447,13.516
-607.542,-50.571,11.725
-610.095,-51.655,9.917
-611.165,-51.350,8.734
-609.760,-48.341,8.756
-608.264,-45.318,8.747
-606.854,-42.324,8.751
-605.363,-39.376,8.725
-603.990,-36.375,8.758
-602.575,-33.334,8.737
-601.196,-30.346,8.752
-599.840,-27.283,8.744
-598.521,-24.271,8.771
-597.286,-21.216,8.752
-596.062,-18.090,8.768
-594.935,-14.978,8.739
-593.869,-11.832,8.782
-592.949,-8.668,8.756
-592.138,-5.437,8.778
-591.511,-2.162,8.769
-591.118,1.125,8.762
-591.063,4.419,8.772
-591.394,7.755,8.774
-591.222,10.665,9.662
-590.257,13.234,11.491
-589.259,15.854,13.321
-587.043,17.572,12.616
-584.472,19.051,11.177
-581.896,20.438,9.696
-579.155,21.975,8.743
-576.294,23.618,8.777
-573.329,25.167,8.739
-570.461,26.757,8.767
-567.557,28.368,8.742
-564.670,30.033,8.749
-561.735,31.572,8.726
-558.854,33.193,8.775
-555.990,34.868,8.854
-553.370,36.285,10.295
-550.797,37.714,11.806
-548.162,39.148,13.269
-545.610,40.621,12.763
-542.962,42.003,11.235
-540.405,43.433,9.779
-537.730,44.957,8.754
-534.791,46.530,8.763
-531.934,48.209,8.773
-528.992,49.795,8.764
-526.129,51.418,8.768
-523.220,53.047,8.778
-520.296,54.638,8.741
-517.382,56.210,8.745
-514.480,57.835,8.780
-511.586,59.440,8.758
-508.689,61.016,8.734
-505.804,62.644,8.741
-502.908,64.306,8.786
-500.018,65.878,8.786
-497.190,67.411,9.336
-494.566,68.828,10.777
-492.007,70.282,12.271
-489.399,71.740,13.763
-486.834,73.216,12.274
-484.242,74.646,10.804
-481.633,76.038,9.302
-478.838,77.575,8.762
-475.920,79.175,8.754
-473.010,80.826,8.775
-470.129,82.409,8.744
-467.215,84.002,8.760
-464.317,85.654,8.756
-461.417,87.277,8.750
-458.515,88.871,8.741
-455.590,90.414,8.740
-452.712,92.051,8.747
-449.789,93.683,8.762
-446.926,95.284,8.759
-443.999,96.857,8.769
-441.084,98.489,8.761
-438.399,100.001,9.809
-435.796,101.440,11.275
-433.218,102.889,12.763
-430.624,104.297,13.285
-428.031,105.759,11.789
-425.433,107.193,10.303
-422.831,108.600,8.824
-419.964,110.244,8.755
-417.024,111.844,8.743
-414.137,113.411,8.761
-411.232,115.079,8.763
-408.351,116.677,8.763
-405.441,118.286,8.760
-402.529,119.867,8.756
-399.623,121.508,8.735
-396.734,123.070,8.758
-393.822,124.731,8.765
-390.935,126.325,8.770
-388.018,127.928,8.773
-385.132,129.554,8.761
-382.236,131.140,8.791
-379.615,132.566,10.270
-377.006,133.990,11.741
-374.442,135.468,13.254
-371.877,136.927,12.794
-369.232,138.319,11.306
-366.652,139.802,9.834
-363.955,141.235,8.756
-361.059,142.819,8.749
-358.154,144.451,8.758
-355.259,146.082,8.767
-352.361,147.686,8.774
-349.451,149.246,8.750
-346.552,150.898,8.773
-343.640,152.506,8.764
-340.751,154.141,8.743
-337.852,155.737,8.763
-334.955,157.317,8.740
-332.043,158.947,8.746
-329.126,160.549,8.751
-326.229,162.179,8.745
-323.417,163.678,9.255
-320.837,165.183,10.764
-318.246,166.543,12.223
-315.676,168.051,13.712
-313.089,169.509,12.325
-310.470,170.876,10.818
-307.870,172.392,9.352
-305.087,173.879,8.741
-302.193,175.522,8.768
-299.276,177.094,8.763
-296.374,178.696,8.748
-293.480,180.318,8.762
-290.574,181.898,8.750
-287.700,183.571,8.766
-284.771,185.202,8.769
-281.862,186.763,8.746
-278.969,188.373,8.738
-276.060,189.929,8.745
-273.172,191.564,8.753
-270.251,193.231,8.766
-267.342,194.799,8.748
-264.696,196.281,9.993
-262.124,197.747,11.481
-259.534,199.144,12.956
-257.602,201.130,12.928
-256.523,203.721,11.142
-255.415,206.255,9.333
-255.738,209.228,8.742
-256.760,212.390,8.765
-257.793,215.576,8.764
-258.825,218.730,8.765
-259.891,221.825,8.770
-261.006,224.918,8.749
-262.099,228.080,8.748
-263.240,231.227,8.764
-264.414,234.298,8.756
-265.598,237.380,8.766
-266.802,240.515,8.753
-267.999,243.586,8.742
-269.252,246.672,8.752
-270.513,249.751,8.752
-273.205,248.721,8.761
-276.091,247.155,8.759
-279.008,245.539,8.756
-281.915,243.901,8.754
-284.795,242.345,8.769
-287.693,240.694,8.767
-290.611,239.123,8.768
-293.508,237.486,8.752
-296.396,235.827,8.736
-299.299,234.219,8.738
-302.217,232.663,8.757
-305.128,231.084,8.776
-308.017,229.438,8.777
-310.927,227.855,8.750
-313.539,226.379,10.108
-316.113,224.934,11.593
-318.738,223.490,13.070
-321.320,222.059,12.924
-323.908,220.640,11.442
-326.526,219.165,9.957
-329.148,217.699,8.761
-332.057,216.078,8.749
-334.977,214.477,8.755
-337.867,212.914,8.760
-340.788,211.293,8.764
-343.666,209.684,8.767
-346.599,208.071,8.756
-349.491,206.468,8.744
-352.365,204.816,8.744
-355.278,203.236,8.749
-358.166,201.590,8.734
-361.089,200.005,8.770
-364.000,198.380,8.771
-366.899,196.820,8.757
-369.742,195.240,9.105
-372.351,193.810,10.609
-374.900,192.353,12.098
-377.517,190.914,13.566
-380.107,189.510,12.457
-382.718,188.029,10.992
-385.280,186.548,9.486
-388.059,185.048,8.766
-390.969,183.469,8.745
-393.869,181.855,8.771
-396.771,180.226,8.747
-399.661,178.652,8.755
-402.548,177.054,8.762
-405.463,175.390,8.767
-408.374,173.791,8.755
-411.249,172.208,8.742
-414.179,170.599,8.760
-417.090,169.029,8.765
-419.972,167.396,8.743
-422.860,165.751,8.757
-425.778,164.130,8.753
-428.513,162.661,9.594
-431.094,161.213,11.071
-433.714,159.803,12.576
-436.294,158.321,13.459
-438.885,156.921,11.984
-441.501,155.453,10.500
-444.082,154.005,9.008
-446.921,152.459,8.773
-449.851,150.843,8.754
-452.759,149.259,8.773
-455.636,147.613,8.761
-458.557,146.000,8.770
-461.466,144.430,8.766
-464.342,142.798,8.731
-467.256,141.189,8.768
-470.175,139.563,8.752
-473.074,137.971,8.774
-475.989,136.374,8.787
-478.813,134.730,8.734
-481.773,133.138,8.766
-484.653,131.512,8.773
-487.255,130.032,10.062
-489.851,128.606,11.541
-492.492,127.210,13.051
-495.057,125.713,12.971
-497.667,124.323,11.510
-500.261,122.897,9.996
-502.906,121.428,8.759
-505.823,119.828,8.746
-508.751,118.214,8.775
-511.616,116.592,8.768
-514.499,114.965,8.748
-517.412,113.344,8.761
-520.284,111.737,8.726
-523.220,110.167,8.759
-526.141,108.560,8.744
-529.072,106.937,8.773
-531.941,105.310,8.763
-534.828,103.677,8.742
-537.721,102.102,8.752
-540.612,100.501,8.761
-543.463,98.919,9.087
-546.079,97.489,10.570
-548.713,96.055,12.052
-551.294,94.632,13.551
-553.820,93.145,12.488
-556.467,91.742,11.042
-559.053,90.268,9.559
-561.812,88.767,8.746
-564.683,87.186,8.748
-567.633,85.569,8.774
-570.462,83.908,8.730
-573.439,82.342,8.778
-576.297,80.734,8.756
-579.209,79.146,8.758
-582.118,77.533,8.758
-585.023,75.894,8.755
-587.902,74.288,8.750
-590.814,72.683,8.778
-593.731,71.061,8.743
-596.614,69.465,8.767
-599.478,67.835,8.735
-602.265,66.354,9.555
-604.893,64.891,11.057
-607.455,63.440,12.522
-610.073,62.010,13.515
-612.617,60.587,12.047
-615.222,59.114,10.543
-617.838,57.704,9.066
-620.676,56.123,8.756
-623.541,54.539,8.767
-626.469,52.898,8.751
-629.373,51.296,8.731
-632.247,49.653,8.717
-634.949,48.183,9.811
-637.565,46.793,11.277
-640.146,45.288,12.777
-642.775,44.023,13.220
-645.544,42.978,11.683
-648.304,41.986,10.192
-651.137,41.096,8.744
-654.352,41.640,8.722
-657.641,42.214,8.784
-660.932,42.698,8.782
-664.221,43.166,8.775
-667.488,43.685,8.763
-670.771,44.122,8.746
-674.088,44.565,8.763
-677.365,44.970,8.736
-680.676,45.381,8.743
-683.984,45.775,8.745
-687.222,46.196,8.772
-690.524,46.559,8.764
-693.883,46.941,8.784
-697.151,47.257,8.774
-700.422,47.642,8.753
-703.745,47.962,8.766
-707.044,48.335,8.775
-710.339,48.694,8.779
-713.629,49.036,8.779
-716.901,49.355,8.709
-720.244,49.701,8.733
-723.557,50.016,8.760
-726.845,50.388,8.782
-730.159,50.678,8.727
-730.689,51.633,9.623
-728.353,53.211,11.459
-726.054,54.796,13.253
-723.576,56.270,12.675
-720.962,57.739,11.196
-718.360,59.115,9.725
-715.660,60.671,8.736
-712.763,62.265,8.761
-709.861,63.836,8.784
-706.918,65.448,8.739
-704.029,67.073,8.726
-701.150,68.685,8.775
-698.251,70.266,8.757
-695.360,71.916,8.777
-692.428,73.522,8.755
-689.527,75.128,8.770
-686.665,76.738,8.753
-683.731,78.368,8.764
-680.860,79.934,8.743
-678.209,81.376,10.116
-675.612,82.837,11.627
-672.995,84.268,13.068
-670.417,85.709,12.940
-667.875,87.159,11.488
-665.230,88.608,9.951
-662.572,90.030,8.733
-659.691,91.696,8.766
-656.830,93.274,8.796
-653.902,94.868,8.773
-650.969,96.521,8.740
-648.092,98.110,8.743
-645.185,99.741,8.744
-642.274,101.349,8.743
-639.360,102.933,8.740
-636.476,104.520,8.773
-633.572,106.154,8.738
-630.655,107.758,8.766
-627.778,109.372,8.765
-624.839,110.919,8.733
-622.054,112.563,9.150
-619.405,113.965,10.576
-616.844,115.419,12.070
-614.256,116.835,13.563
-611.640,118.296,12.480
-609.045,119.757,10.980
-606.444,121.196,9.487
-603.713,122.677,8.739
-600.800,124.319,8.731
-597.861,125.918,8.729
-594.997,127.559,8.745
-592.107,129.159,8.767
-589.236,130.754,8.778
-586.299,132.353,8.743
-583.426,133.989,8.787
-580.483,135.541,8.749
-577.596,137.205,8.773
-574.673,138.816,8.759
-571.779,140.433,8.779
-568.904,142.046,8.787
-565.991,143.603,8.752
-563.250,145.133,9.596
-560.679,146.556,11.102
-558.096,148.034,12.589
-555.433,149.418,13.445
-552.878,150.890,11.982
-550.265,152.289,10.500
-547.658,153.761,9.001
-544.803,155.307,8.727
-541.915,156.968,8.766
-539.042,158.539,8.754
-536.136,160.140,8.741
-533.228,161.804,8.762
-530.316,163.358,8.745
-527.401,164.974,8.762
-524.523,166.607,8.755
-521.602,168.175,8.769
-518.686,169.814,8.758
-515.848,171.432,8.771
-512.907,173.002,8.768
-509.988,174.663,8.731
-507.091,176.241,8.750
-504.478,177.691,10.060
-501.867,179.126,11.570
-499.288,180.583,13.050
-496.691,182.004,12.966
-494.085,183.485,11.513
-491.514,184.905,10.009
-488.841,186.363,8.738
-485.970,188.006,8.782
-483.038,189.553,8.757
-480.162,191.244,8.778
-477.270,192.804,8.774
-474.359,194.410,8.759
-471.473,196.031,8.775
-468.522,197.638,8.758
-465.647,199.236,8.763
-462.733,200.857,8.766
-459.817,202.454,8.769
-456.930,204.076,8.750
-454.050,205.689,8.772
-451.106,207.286,8.763
-448.294,208.867,9.061
-445.711,210.285,10.575
-443.094,211.736,12.030
-440.497,213.204,13.513
-437.929,214.603,12.504
-435.326,216.034,11.000
-432.706,217.525,9.536
-429.955,218.995,8.755
-427.073,220.646,8.754
-424.157,222.224,8.772
-421.267,223.831,8.770
-418.373,225.415,8.767
-415.467,227.068,8.744
-412.551,228.689,8.773
-409.674,230.257,8.748
-406.778,231.885,8.757
-403.841,233.424,8.744
-400.935,235.114,8.772
-398.053,236.727,8.759
-395.166,238.319,8.747
-392.236,239.928,8.733
-389.489,241.423,9.564
-386.906,242.887,11.029
-384.312,244.320,12.541
-381.723,245.753,13.515
-379.121,247.153,12.005
-376.515,248.653,10.559
-373.946,250.105,9.066
-371.084,251.654,8.768
-368.184,253.231,8.747
-365.297,254.831,8.759
-362.388,256.499,8.753
-359.490,258.056,8.764
-356.569,259.683,8.757
-353.711,261.323,8.770
-350.760,262.864,8.738
-347.877,264.569,8.769
-344.983,266.104,8.757
-342.070,267.724,8.764
-339.143,269.308,8.734
-336.243,270.958,8.760
-333.371,272.539,8.749
-330.725,273.998,10.030
-328.132,275.456,11.528
-325.532,276.895,13.024
-322.947,278.380,13.044
-320.338,279.796,11.549
-317.731,281.220,10.044
-315.134,282.678,8.758
-312.219,284.302,8.744
-309.293,285.894,8.781
-306.422,287.504,8.750
-303.666,288.978,9.616
-301.058,290.430,11.101
-298.486,291.833,12.584
-296.303,293.541,13.319
-295.546,296.177,11.434
-294.770,298.787,9.500
-295.395,301.611,8.753
-297.033,304.483,8.748
-298.635,307.376,8.734
-300.262,310.323,8.783
-301.920,313.140,8.768
-303.607,316.021,8.764
-305.237,318.851,8.732
-306.946,321.730,8.752
-308.657,324.572,8.778
-310.428,327.385,8.744
-312.157,330.207,8.755
-313.896,333.020,8.760
-315.707,335.847,8.737
-317.545,338.521,8.748
-320.372,336.958,9.107
-322.943,335.511,10.553
-325.558,334.031,12.042
-328.127,332.592,13.526
-330.749,331.148,12.496
-333.325,329.744,11.002
-335.941,328.288,9.506
-338.660,326.793,8.759
-341.575,325.189,8.759
-344.483,323.567,8.759
-347.383,321.927,8.759
-350.296,320.323,8.738
-353.217,318.744,8.752
-356.059,317.112,8.745
-358.978,315.524,8.744
-361.879,313.890,8.758
-364.794,312.291,8.750
-367.703,310.674,8.742
-370.622,309.080,8.768
-373.501,307.532,8.781
-376.402,305.886,8.765
-379.164,304.339,9.570
-381.744,302.937,11.045
-384.370,301.493,12.566
-386.936,300.049,13.483
-389.512,298.623,12.003
-392.126,297.139,10.520
-394.721,295.744,9.057
-397.525,294.120,8.747
-400.461,292.504,8.750
-403.360,290.935,8.744
-406.255,289.346,8.738
-409.187,287.696,8.732
-412.058,286.042,8.738
-414.970,284.462,8.752
-417.890,282.886,8.758
-420.772,281.225,8.741
-423.654,279.678,8.732
-426.546,278.017,8.749
-429.483,276.428,8.776
-432.365,274.847,8.757
-435.271,273.177,8.750
-437.939,271.781,10.053
-440.490,270.288,11.524
-443.125,268.929,13.034
-445.701,267.458,12.995
-448.310,266.033,11.540
-450.891,264.550,10.044
-453.523,263.141,8.768
-456.460,261.545,8.780
-459.368,259.888,8.757
-462.241,258.271,8.781
-465.140,256.682,8.780
-468.036,255.073,8.779
-470.918,253.428,8.730
-473.846,251.839,8.751
-476.745,250.191,8.736
-479.668,248.669,8.779
-482.601,247.040,8.787
-485.482,245.423,8.746
-488.369,243.801,8.751
-491.295,242.217,8.780
-494.067,240.610,9.025
-496.699,239.206,10.527
-499.326,237.782,12.034
-501.920,236.299,13.510
-504.487,234.868,12.547
-507.083,233.464,11.056
-509.713,231.989,9.559
-512.417,230.495,8.752
-515.326,228.852,8.737
-518.223,227.275,8.758
-521.116,225.676,8.777
-524.014,224.065,8.734
-526.947,222.480,8.777
-529.819,220.804,8.742
-532.727,219.250,8.769
-535.639,217.587,8.758
-538.540,215.990,8.783
-541.446,214.380,8.744
-544.341,212.739,8.766
-547.234,211.174,8.762
-550.159,209.532,8.756
-552.907,208.053,9.520
-555.489,206.564,10.984
-558.109,205.196,12.518
-560.657,203.735,13.521
-563.244,202.301,12.069
-565.899,200.832,10.583
-568.431,199.404,9.063
-571.281,197.831,8.781
-574.216,196.233,8.749
-577.074,194.631,8.742
-579.994,192.980,8.772
-582.915,191.404,8.773
-585.802,189.777,8.735
-588.717,188.157,8.734
-591.574,186.554,8.741
-594.534,184.941,8.765
-597.458,183.365,8.787
-600.345,181.736,8.762
-603.229,180.176,8.782
-606.162,178.552,8.783
-609.006,176.917,8.753
-611.691,175.483,10.021
-614.290,174.044,11.505
-616.871,172.574,12.938
-619.420,171.151,13.036
-622.021,169.670,11.539
-624.617,168.259,10.073
-627.276,166.797,8.764
-630.188,165.178,8.762
-633.065,163.601,8.758
-636.024,161.984,8.781
-638.858,160.334,8.724
-641.779,158.737,8.745
-644.715,157.134,8.744
-647.575,155.539,8.770
-650.473,153.957,8.766
-653.398,152.288,8.760
-656.314,150.772,8.782
-659.164,149.097,8.721
-662.102,147.471,8.740
-665.039,145.915,8.798
-667.845,144.329,8.973
-670.471,142.856,10.495
-673.072,141.438,11.953
-675.679,140.011,13.479
-678.239,138.533,12.593
-680.838,137.158,11.078
-683.394,135.649,9.595
-686.156,134.185,8.761
-689.034,132.522,8.719
-691.951,130.956,8.771
-694.849,129.359,8.758
-697.743,127.741,8.742
-700.664,126.125,8.766
-703.581,124.486,8.787
-706.476,122.904,8.734
-709.357,121.293,8.751
-712.275,119.690,8.735
-715.178,118.060,8.790
-718.060,116.486,8.770
-721.021,114.857,8.781
-723.926,113.262,8.798
-726.681,111.732,9.490
-729.224,110.320,10.944
-731.842,108.852,12.438
-734.381,107.409,13.560
-737.014,106.011,12.131
-739.593,104.477,10.591
-742.189,103.117,9.145
-744.998,101.515,8.732
-747.933,99.882,8.734
-750.846,98.308,8.783
-753.705,96.685,8.719
-756.631,95.084,8.757
-759.569,93.473,8.766
-762.444,91.898,8.730
-765.369,90.244,8.735
-768.265,88.647,8.738
-771.154,87.029,8.738
-774.070,85.409,8.780
-776.966,83.852,8.741
-779.868,82.191,8.779
-782.752,80.593,8.735
-785.431,79.141,9.930
-787.978,77.695,11.413
-790.600,76.275,12.933
-793.241,74.853,13.157
-795.799,73.373,11.633
-798.387,71.987,10.137
-801.010,70.515,8.758
-803.928,68.906,8.749
-806.839,67.276,8.738
-809.721,65.708,8.725
-812.590,64.025,8.716
-815.549,62.646,8.743
-818.801,63.328,8.757
-822.023,64.080,8.766
-825.298,64.760,8.734
-828.510,65.587,8.780
-831.744,66.325,8.739
-834.936,67.130,8.778
-838.138,68.029,8.774
-841.329,68.916,8.765
-844.544,69.906,8.792
-847.706,70.865,8.743
-850.872,71.821,8.768
-853.988,72.845,8.709
-857.143,73.981,8.767
-860.269,75.099,8.740
-863.334,76.283,8.715
-866.485,77.505,8.802
-869.501,78.758,8.769
-872.560,80.030,8.773
-875.560,81.469,8.773
-878.601,82.928,8.810
-879.022,84.415,8.736
-876.094,86.067,8.797
-873.247,87.643,8.809
-870.269,89.240,8.701
-867.409,90.880,8.755
-864.484,92.473,8.767
-861.751,93.950,9.540
-859.131,95.473,11.025
-856.568,96.914,12.461
-853.973,98.326,13.535
-851.374,99.724,12.099
-848.807,101.225,10.622
-846.173,102.581,9.118
-843.345,104.213,8.779
-840.436,105.786,8.739
-837.524,107.440,8.743
-834.686,109.021,8.783
-831.732,110.621,8.789
-828.838,112.238,8.747
-825.910,113.821,8.711
-823.045,115.424,8.788
-820.133,117.082,8.786
-817.212,118.719,8.782
-814.353,120.278,8.738
-811.418,121.876,8.730
-808.563,123.503,8.803
-805.603,125.151,8.760
-802.971,126.590,9.985
-800.373,128.036,11.459
-797.742,129.450,12.931
-795.186,130.896,13.049
-792.588,132.305,11.590
-789.996,133.799,10.099
-787.374,135.263,8.778
-784.439,136.807,8.729
-781.525,138.444,8.716
-778.660,140.096,8.738
-775.709,141.677,8.729
-772.833,143.289,8.746
-769.967,144.892,8.733
-767.054,146.449,8.754
-764.148,148.089,8.738
-761.211,149.692,8.727
-758.349,151.329,8.743
-755.457,152.929,8.764
-752.559,154.509,8.784
-749.636,156.151,8.723
-746.770,157.720,8.983
-744.197,159.190,10.455
-741.578,160.615,11.955
-738.995,162.050,13.412
-736.419,163.479,12.568
-733.763,164.932,11.063
-731.185,166.332,9.598
-728.538,167.859,8.784
-725.566,169.423,8.735
-722.637,171.095,8.711
-719.802,172.725,8.786
-716.871,174.267,8.767
-713.945,175.891,8.712
-711.081,177.546,8.757
-708.159,179.139,8.766
-705.273,180.743,8.740
-702.373,182.320,8.789
-699.445,183.953,8.760
-696.544,185.591,8.771
-693.671,187.138,8.781
-690.715,188.793,8.724
-687.977,190.321,9.451
-685.395,191.768,10.952
-682.808,193.198,12.446
-680.224,194.617,13.594
-677.594,196.080,12.106
-675.008,197.471,10.602
-672.418,198.940,9.157
-669.584,200.476,8.732
-666.696,202.143,8.768
-663.825,203.712,8.739
-660.907,205.318,8.782
-657.994,206.913,8.751
-655.108,208.514,8.759
-652.182,210.159,8.765
-649.340,211.767,8.801
-646.394,213.360,8.743
-643.488,214.972,8.786
-640.586,216.572,8.755
-637.675,218.243,8.764
-634.745,219.782,8.742
-631.898,221.481,8.769
-629.179,222.895,9.924
-626.609,224.339,11.446
-624.022,225.754,12.902
-621.413,227.233,13.134
-618.854,228.649,11.651
-616.272,230.128,10.163
-613.635,231.538,8.771
-610.721,233.149,8.778
-607.791,234.727,8.724
-604.919,236.348,8.758
-602.033,237.938,8.732
-599.132,239.597,8.744
-596.180,241.184,8.726
-593.273,242.803,8.736
-590.363,244.402,8.744
-587.497,246.033,8.780
-584.617,247.632,8.758
-581.693,249.269,8.734
-578.798,250.820,8.777
-575.915,252.471,8.779
-573.050,254.022,8.909
-570.450,255.454,10.418
-567.881,256.909,11.892
-565.232,258.361,13.389
-562.669,259.798,12.661
-560.016,261.218,11.120
-557.500,262.687,9.695
-554.747,264.171,8.777
-551.828,265.752,8.737
-548.961,267.384,8.779
-546.039,269.037,8.764
-543.155,270.616,8.749
-540.226,272.230,8.733
-537.320,273.858,8.755
-534.452,275.413,8.776
-531.528,276.988,8.741
-528.612,278.668,8.787
-525.725,280.263,8.778
-522.834,281.838,8.768
-519.929,283.490,8.730
-517.013,285.114,8.757
-514.282,286.648,9.441
-511.634,288.062,10.882
-509.090,289.502,12.382
-506.465,290.925,13.672
-503.850,292.354,12.140
-501.280,293.839,10.691
-498.656,295.231,9.169
-495.885,296.857,8.792
-492.941,298.439,8.772
-490.076,300.014,8.776
-487.164,301.620,8.781
-484.276,303.253,8.758
-481.394,304.883,8.786
-478.483,306.454,8.775
-475.539,308.079,8.751
-472.657,309.676,8.764
-469.727,311.301,8.776
-466.865,312.909,8.762
-463.926,314.497,8.773
-461.046,316.178,8.783
-458.157,317.705,8.780
-455.482,319.220,9.902
-452.886,320.610,11.372
-450.294,322.130,12.900
-447.695,323.498,13.164
-445.079,324.960,11.694
-442.497,326.345,10.179
-439.904,327.836,8.740
-436.971,329.473,8.771
-434.085,331.060,8.739
-431.214,332.669,8.744
-428.290,334.303,8.748
-425.361,335.919,8.752
-422.475,337.475,8.756
-419.560,339.107,8.735
-416.676,340.652,8.727
-413.780,342.315,8.728
-410.867,343.933,8.743
-407.948,345.535,8.758
-405.047,347.170,8.747
-402.188,348.748,8.737
-399.283,350.367,8.885
-396.674,351.741,10.367
-394.099,353.194,11.858
-391.479,354.694,13.336
-388.893,356.116,12.710
-386.313,357.554,11.182
-383.723,358.963,9.717
-381.003,360.540,8.778
-378.067,362.067,8.745
-375.238,363.704,8.743
-372.322,365.282,8.780
-369.423,366.907,8.731
-366.514,368.505,8.743
-363.621,370.155,8.777
-360.707,371.745,8.779
-357.795,373.347,8.766
-354.900,375.002,8.776
-351.983,376.596,8.753
-349.064,378.190,8.777
-346.547,379.860,8.777
-348.585,382.510,8.778
-350.566,385.140,8.739
-352.613,387.738,8.742
-354.670,390.325,8.739
-356.749,392.940,8.767
-358.824,395.502,8.753
-360.922,398.092,8.770
-363.037,400.698,8.767
-365.129,403.194,8.750
-367.308,405.710,8.750
-369.441,408.249,8.745
-371.573,410.747,8.748
-373.746,413.329,8.756
-375.905,415.829,8.735
-378.142,418.318,8.746
-380.849,417.707,8.760
-383.720,416.161,8.765
-386.632,414.538,8.901
-389.199,413.125,10.413
-391.819,411.668,11.861
-394.374,410.224,13.378
-397.014,408.823,12.700
-399.562,407.363,11.170
-402.180,405.904,9.730
-404.932,404.426,8.786
-407.780,402.831,8.748
-410.683,401.195,8.762
-413.601,399.594,8.749
-416.513,397.978,8.736
-419.407,396.319,8.736
-422.281,394.779,8.747
-425.193,393.155,8.771
-428.091,391.499,8.743
-431.013,389.893,8.739
-433.876,388.314,8.735
-436.817,386.741,8.757
-439.723,385.087,8.753
-442.581,383.483,8.733
-445.382,381.912,9.379
-447.976,380.522,10.864
-450.551,379.089,12.366
-453.190,377.629,13.669
-455.766,376.186,12.200
-458.360,374.776,10.700
-460.949,373.350,9.197
-463.764,371.769,8.760
-466.655,370.183,8.775
-469.593,368.534,8.789
-472.481,366.926,8.736
-475.370,365.312,8.734
-478.277,363.723,8.774
-481.171,362.103,8.759
-484.081,360.502,8.782
-486.992,358.895,8.737
-489.893,357.260,8.760
-492.767,355.705,8.753
-495.686,354.084,8.746
-498.601,352.445,8.738
-501.483,350.875,8.770
-504.152,349.339,9.850
-506.758,347.955,11.330
-509.344,346.530,12.826
-511.982,345.048,13.205
-514.567,343.605,11.725
-517.177,342.190,10.212
-519.737,340.690,8.737
-522.656,339.101,8.763
-525.585,337.514,8.771
-528.440,335.928,8.739
-531.361,334.307,8.747
-534.279,332.668,8.753
-537.185,331.123,8.787
-540.038,329.488,8.735
-542.998,327.874,8.750
-545.883,326.262,8.725
-548.789,324.666,8.738
-551.690,323.052,8.752
-554.589,321.420,8.764
-557.468,319.870,8.746
-560.376,318.226,8.868
-562.960,316.845,10.371
-565.559,315.354,11.832
-568.105,313.903,13.297
-570.733,312.429,12.694
-573.331,311.024,11.245
-575.958,309.644,9.761
-578.648,308.101,8.732
-581.548,306.467,8.788
-584.440,304.923,8.741
-587.322,303.238,8.736
-590.218,301.671,8.748
-593.170,300.045,8.739
-596.041,298.419,8.760
-598.942,296.815,8.750
-601.865,295.223,8.779
-604.759,293.582,8.766
-607.620,292.001,8.732
-610.553,290.376,8.748
-613.453,288.811,8.742
-616.350,287.227,8.735
-619.162,285.643,9.355
-621.733,284.218,10.828
-624.346,282.826,12.335
-626.927,281.279,13.691
-629.530,279.853,12.237
-632.101,278.490,10.756
-634.711,277.047,9.270
-637.521,275.479,8.769
-640.409,273.871,8.763
-643.294,272.244,8.756
-646.190,270.615,8.725
-649.163,269.049,8.779
-652.011,267.446,8.745
-654.944,265.809,8.743
-657.833,264.217,8.739
-660.718,262.608,8.734
-663.628,261.006,8.770
-666.554,259.406,8.794
-669.444,257.755,8.763
-672.338,256.198,8.761
-675.220,254.509,8.727
-677.912,253.047,9.829
-680.529,251.607,11.295
-683.101,250.218,12.766
-685.699,248.735,13.223
-688.290,247.339,11.723
-690.907,245.848,10.295
-693.489,244.419,8.783
-696.378,242.834,8.780
-699.263,241.230,8.776
-702.182,239.640,8.735
-705.088,238.023,8.771
-707.998,236.395,8.728
-710.946,234.783,8.796
-713.788,233.168,8.759
-716.728,231.621,8.789
-719.590,229.993,8.793
-722.508,228.396,8.750
-725.435,226.791,8.777
-728.322,225.137,8.740
-731.217,223.474,8.773
-734.086,221.878,8.778
-736.683,220.461,10.263
-739.273,219.026,11.753
-741.909,217.615,13.284
-744.496,216.153,12.777
-747.080,214.675,11.251
-749.710,213.324,9.817
-752.366,211.775,8.736
-755.284,210.206,8.772
-758.168,208.597,8.763
-761.099,207.008,8.788
-763.988,205.371,8.746
-766.886,203.725,8.777
-769.782,202.166,8.769
-772.708,200.510,8.759
-775.593,198.911,8.747
-778.502,197.315,8.779
-781.430,195.716,8.801
-784.314,194.070,8.755
-787.158,192.485,8.707
-790.097,190.848,8.770
-792.918,189.318,9.307
-795.481,187.905,10.813
-798.076,186.501,12.285
-800.695,185.000,13.763
-803.268,183.557,12.277
-805.848,182.107,10.752
-808.489,180.686,9.335
-811.290,179.152,8.784
-814.142,177.534,8.772
-817.026,175.923,8.718
-819.971,174.337,8.779
-822.842,172.687,8.722
-825.742,171.144,8.779
-828.652,169.490,8.757
-831.553,167.917,8.779
-834.431,166.316,8.719
-837.374,164.637,8.730
-840.250,163.108,8.794
-843.161,161.482,8.768
-846.117,159.868,8.779
-848.957,158.273,8.758
-851.666,156.792,9.749
-854.272,155.342,11.276
-856.879,153.880,12.720
-859.482,152.403,13.313
-862.073,151.011,11.785
-864.646,149.598,10.339
-867.226,148.073,8.803
-870.109,146.501,8.723
-873.026,144.934,8.771
-875.919,143.340,8.735
-878.831,141.741,8.744
-881.735,140.123,8.751
-884.629,138.486,8.757
-887.552,136.850,8.717
-890.427,135.278,8.767
-893.359,133.618,8.771
-896.252,132.028,8.773
-899.190,130.446,8.816
-902.049,128.809,8.729
-904.978,127.195,8.730
-907.832,125.633,8.773
-910.458,124.150,10.215
-913.034,122.735,11.755
-915.635,121.322,13.256
-918.369,120.385,12.695
-921.106,119.860,10.909
-923.927,119.262,9.244
-926.220,120.931,8.776
-928.223,123.520,8.693
-930.212,126.218,8.785
-932.114,128.990,8.736
-933.960,131.745,8.731
-935.673,134.550,8.726
-937.393,137.369,8.712
-939.058,140.279,8.736
-940.668,143.173,8.804
-942.115,146.102,8.692
-943.570,149.156,8.753
-944.957,152.187,8.769
-946.267,155.189,8.779
-945.730,157.890,10.221
-944.734,160.460,12.042
-943.629,162.973,13.643
-941.075,164.371,12.109
-938.443,165.827,10.626
-935.855,167.296,9.152
-933.066,168.865,8.788
-930.166,170.471,8.817
-927.477,171.850,9.937
-924.944,173.305,11.512
-922.281,174.786,12.954
-919.676,176.179,13.040
-917.103,177.690,11.616
-914.536,179.083,10.109
-911.929,180.553,8.790
-908.991,182.148,8.770
-906.092,183.753,8.791
-903.170,185.330,8.723
-900.270,187.017,8.782
-897.379,188.586,8.753
-894.470,190.240,8.770
-891.587,191.786,8.786
-888.646,193.393,8.715
-885.761,195.020,8.768
-882.879,196.635,8.783
-879.963,198.216,8.748
-877.114,199.825,8.801
-874.158,201.461,8.726
-871.310,203.043,8.971
-868.733,204.458,10.433
-866.104,205.937,11.980
-863.564,207.353,13.468
-860.924,208.802,12.611
-858.313,210.259,11.105
-855.719,211.715,9.651
-853.019,213.199,8.748
-850.137,214.768,8.754
-847.213,216.403,8.758
-844.282,218.019,8.761
-841.356,219.623,8.728
-838.497,221.261,8.724
-835.622,222.872,8.809
-832.712,224.446,8.729
-829.810,226.011,8.729
-826.891,227.658,8.775
-823.975,229.294,8.731
-821.116,230.847,8.732
-818.214,232.464,8.731
-815.306,234.063,8.730
-812.540,235.642,9.447
-809.918,237.096,10.921
-807.354,238.472,12.435
-804.751,239.917,13.633
-802.168,241.366,12.135
-799.578,242.798,10.642
-796.941,244.292,9.155
-794.130,245.860,8.760
-791.249,247.469,8.790
-788.325,249.031,8.749
-785.446,250.614,8.745
-782.523,252.256,8.739
-779.571,253.862,8.741
-776.727,255.429,8.770
-773.801,257.026,8.730
-770.956,258.674,8.792
-768.029,260.352,8.786
-765.138,261.934,8.779
-762.220,263.479,8.780
-759.315,265.131,8.731
-756.395,266.756,8.766
-753.765,268.171,9.918
-751.163,269.709,11.444
-748.513,271.083,12.863
-745.961,272.531,13.108
-743.408,273.966,11.659
-740.773,275.429,10.151
-738.144,276.886,8.722
-735.254,278.432,8.754
-732.354,280.065,8.746
-729.449,281.680,8.738
-726.539,283.277,8.729
-723.653,284.880,8.763
-720.783,286.485,8.786
-717.832,288.112,8.745
-714.969,289.694,8.738
-712.070,291.341,8.802
-709.154,292.959,8.793
-706.201,294.525,8.722
-703.325,296.152,8.745
-700.424,297.740,8.777
-697.584,299.374,8.967
-694.988,300.783,10.414
-692.355,302.256,11.927
-689.750,303.633,13.364
-687.163,305.131,12.620
-684.569,306.496,11.127
-681.991,307.981,9.661
-679.238,309.503,8.769
-676.355,311.108,8.763
-673.470,312.696,8.757
-670.534,314.334,8.750
-667.667,315.914,8.786
-664.758,317.552,8.741
-661.837,319.164,8.775
-658.993,320.728,8.772
-656.007,322.357,8.736
-653.109,323.953,8.731
-650.252,325.581,8.758
-647.392,327.192,8.784
-644.450,328.815,8.753
-641.563,330.370,8.788
-638.760,331.889,9.393
-636.183,333.421,10.919
-633.600,334.816,12.395
-630.975,336.272,13.658
-628.397,337.651,12.169
-625.778,339.093,10.661
-623.185,340.554,9.212
-620.366,342.095,8.721
-617.493,343.677,8.723
-614.566,345.304,8.725
-611.679,346.966,8.756
-608.787,348.612,8.787
-605.864,350.204,8.764
-602.954,351.802,8.728
-600.065,353.414,8.735
-597.173,355.009,8.740
-594.277,356.588,8.745
-591.368,358.264,8.780
-588.478,359.826,8.762
-585.551,361.454,8.732
-582.694,363.039,8.743
-579.947,364.506,9.876
-577.401,365.986,11.376
-574.811,367.396,12.842
-572.222,368.799,13.162
-569.580,370.246,11.671
-567.041,371.701,10.202
-564.428,373.173,8.748
-561.507,374.714,8.734
-558.585,376.375,8.737
-555.733,377.997,8.781
-552.799,379.620,8.774
-549.931,381.195,8.755
-547.005,382.810,8.736
-544.097,384.442,8.758
-541.186,386.057,8.779
-538.276,387.667,8.726
-535.410,389.196,8.746
-532.460,390.861,8.734
-529.580,392.491,8.762
-526.676,394.071,8.749
-523.802,395.693,8.890
-521.223,397.085,10.375
-518.611,398.560,11.825
-516.042,399.957,13.346
-513.441,401.438,12.678
-510.812,402.864,11.192
-508.254,404.259,9.750
-505.534,405.807,8.756
-502.620,407.449,8.777
-499.735,408.983,8.751
-496.824,410.614,8.752
-493.907,412.229,8.753
-491.019,413.891,8.782
-488.128,415.385,8.737
-485.230,417.016,8.765
-482.338,418.653,8.774
-479.422,420.238,8.743
-476.521,421.845,8.752
-473.637,423.483,8.730
-470.726,425.060,8.738
-467.762,426.689,8.729
-464.994,428.221,9.329
-462.439,429.699,10.835
-459.849,431.098,12.312
-457.223,432.589,13.685
-454.641,434.000,12.248
-452.058,435.407,10.742
-449.422,436.866,9.220
-446.672,438.420,8.723
-443.732,440.073,8.748
-440.846,441.668,8.774
-437.959,443.259,8.728
-435.062,444.825,8.753
-432.120,446.469,8.747
-429.259,448.120,8.768
-426.354,449.665,8.775
-423.415,451.314,8.738
-420.525,452.895,8.773
-417.648,454.512,8.776
-414.705,456.156,8.779
-415.982,458.314,8.744
-418.392,460.627,8.748
-420.750,462.966,8.747
-423.175,465.248,8.742
-425.547,467.557,8.733
-427.983,469.796,8.792
-430.369,472.075,8.773
-432.788,474.402,8.778
-435.265,476.643,8.792
-437.660,478.847,8.774
-440.082,481.083,8.719
-442.605,483.340,8.748
-445.046,485.560,8.745
-447.557,487.720,8.738
-450.026,489.944,8.768
-452.576,492.134,8.781
-455.387,490.752,8.766
-458.342,489.119,8.764
-461.227,487.518,8.761
-464.107,485.903,8.759
-467.002,484.322,8.722
-469.887,482.716,8.762
-472.823,481.034,8.738
-475.730,479.475,8.730
-478.620,477.875,8.735
-481.506,476.261,8.740
-484.402,474.669,8.787
-487.361,473.025,8.757
-490.253,471.416,8.727
-493.156,469.828,8.740
-496.055,468.226,8.752
-498.950,466.610,8.764
-501.839,464.980,8.776
-504.746,463.382,8.754
-507.635,461.743,8.744
-510.564,460.177,8.750
-513.201,458.713,10.057
-515.778,457.299,11.564
-518.351,455.870,13.073
-520.966,454.352,12.945
-523.548,452.933,11.469
-526.126,451.500,9.991
-528.797,450.071,8.739
-531.722,448.452,8.765
-534.598,446.897,8.778
-537.506,445.234,8.738
-540.442,443.614,8.728
-543.324,442.049,8.783
-546.238,440.375,8.785
-549.128,438.809,8.739
-552.009,437.218,8.771
-554.950,435.568,8.725
-557.822,433.948,8.756
-560.716,432.355,8.752
-563.642,430.805,8.778
-566.512,429.158,8.785
-569.338,427.579,9.060
-571.991,426.163,10.601
-574.537,424.718,12.047
-577.171,423.257,13.528
-579.750,421.847,12.482
-582.311,420.404,11.029
-584.951,418.930,9.537
-587.679,417.436,8.772
-590.607,415.803,8.735
-593.469,414.204,8.778
-596.410,412.571,8.784
-599.292,410.982,8.790
-602.160,409.364,8.727
-605.073,407.799,8.764
-608.027,406.144,8.732
-610.916,404.523,8.780
-613.846,402.951,8.779
-616.702,401.401,8.789
-619.598,399.760,8.730
-622.500,398.117,8.739
-625.421,396.487,8.792
-628.138,394.981,9.537
-630.728,393.565,11.020
-633.313,392.134,12.507
-635.928,390.733,13.535
-638.524,389.299,12.061
-641.105,387.836,10.512
-643.693,386.373,9.030
-646.604,384.781,8.786
-649.481,383.136,8.772
-652.344,381.592,8.790
-655.263,379.976,8.725
-658.171,378.334,8.741
-661.054,376.778,8.720
-663.978,375.131,8.780
-666.853,373.544,8.757
-669.800,371.901,8.778
-672.711,370.330,8.787
-675.588,368.708,8.735
-678.472,367.082,8.754
-681.384,365.476,8.734
-684.272,363.831,8.724
-686.917,362.404,10.036
-689.564,360.968,11.564
-692.144,359.573,13.024
-694.728,358.048,13.050
-697.321,356.647,11.537
-699.921,355.244,10.093
-702.531,353.717,8.722
-705.460,352.150,8.737
-708.322,350.499,8.727
-711.288,348.944,8.775
-714.174,347.293,8.724
-717.063,345.755,8.781
-719.964,344.095,8.773
-722.834,342.510,8.755
-725.772,340.862,8.781
-728.666,339.277,8.720
-731.547,337.666,8.744
-734.457,336.072,8.728
-737.342,334.439,8.720
-740.243,332.810,8.702
-743.091,331.236,8.988
-745.712,329.793,10.525
-748.313,328.440,12.025
-750.890,326.932,13.504
-753.487,325.554,12.560
-756.100,324.061,11.036
-758.686,322.651,9.553
-761.405,321.114,8.777
-764.292,319.483,8.725
-767.233,317.887,8.786
-770.157,316.263,8.769
-773.030,314.698,8.751
-775.944,313.038,8.731
-778.832,311.460,8.758
-781.716,309.864,8.783
-784.628,308.280,8.766
-787.535,306.679,8.747
-790.437,305.060,8.728
-793.312,303.404,8.716
-796.251,301.789,8.732
-799.164,300.257,8.795
-801.870,298.655,9.467
-804.512,297.223,11.019
-807.043,295.805,12.456
-809.696,294.360,13.518
-812.238,292.930,12.036
-814.888,291.460,10.579
-817.465,290.038,9.125
-820.320,288.477,8.735
-823.203,286.926,8.794
-826.121,285.272,8.735
-829.003,283.693,8.757
-831.922,282.013,8.779
-834.825,280.425,8.755
-837.723,278.818,8.730
-840.638,277.211,8.752
-843.547,275.587,8.773
-846.408,274.028,8.792
-849.337,272.392,8.766
-852.219,270.823,8.739
-855.111,269.132,8.719
-858.026,267.561,8.729
-860.658,266.119,9.965
-863.286,264.662,11.443
-865.877,263.285,13.010
-868.494,261.799,13.118
-871.043,260.370,11.614
-873.697,258.889,10.137
-876.279,257.462,8.720
-879.157,255.884,8.782
-882.079,254.207,8.748
-884.975,252.615,8.761
-887.897,251.028,8.728
-890.778,249.399,8.738
-893.706,247.789,8.751
-896.579,246.128,8.721
-899.499,244.602,8.772
-902.401,242.936,8.781
-905.290,241.362,8.741
-908.192,239.785,8.750
-911.085,238.189,8.757
-914.054,236.513,8.805
-916.877,234.962,8.965
-919.472,233.485,10.436
-922.041,232.097,11.963
-924.668,230.620,13.446
-927.207,229.193,12.561
-929.819,227.802,11.112
-932.419,226.277,9.572
-935.126,224.807,8.721
-938.046,223.222,8.762
-940.961,221.623,8.761
-943.866,220.004,8.758
-946.759,218.365,8.753
-949.694,216.738,8.749
-952.534,215.159,8.699
-955.492,213.520,8.735
-958.376,211.941,8.777
-960.000,212.772,8.753
-960.264,216.087,8.761
-960.512,219.402,8.769
-960.692,222.689,8.773
-960.857,225.976,8.777
-960.950,229.348,8.728
-960.996,232.703,8.728
-961.034,235.944,8.777
-961.030,239.287,8.723
-960.996,242.622,8.813
-960.888,245.921,8.764
-960.760,249.216,8.756
-960.533,252.580,8.703
-960.372,255.873,8.736
-960.153,259.139,8.725
-959.893,262.509,8.808
-959.087,265.414,9.296
-957.217,267.634,10.865
-955.358,269.857,12.484
-953.294,271.941,13.420
-950.762,273.343,11.998
-948.118,274.783,10.441
-945.524,276.247,8.984
-942.682,277.779,8.804
-939.796,279.393,8.775
-937.019,280.947,9.463
-934.435,282.375,10.968
-931.843,283.788,12.466
-929.211,285.286,13.603
-926.633,286.690,12.102
-924.022,288.182,10.657
-921.453,289.571,9.114
-918.622,291.134,8.779
-915.708,292.749,8.743
-912.806,294.360,8.757
-909.924,295.973,8.721
-907.024,297.560,8.783
-904.081,299.226,8.745
-901.194,300.797,8.755
-898.329,302.373,8.717
-895.401,304.013,8.776
-892.519,305.674,8.777
-889.605,307.300,8.785
-886.692,308.789,8.711
-883.807,310.411,8.759
-880.876,312.109,8.766
-878.244,313.532,9.909
-875.664,314.984,11.481
-873.026,316.382,12.880
-870.467,317.832,13.075
-867.799,319.308,11.577
-865.214,320.717,10.125
-862.664,322.144,8.718
-859.754,323.766,8.769
-856.847,325.378,8.723
-853.954,326.990,8.726
-851.055,328.583,8.727
-848.080,330.225,8.737
-845.212,331.820,8.776
-842.347,333.405,8.778
-839.428,335.056,8.778
-836.503,336.689,8.778
-833.664,338.259,8.816
-830.736,339.864,8.777
-827.824,341.472,8.728
-824.928,343.080,8.727
-822.030,344.675,8.962
-819.421,346.135,10.437
-816.899,347.538,11.947
-814.288,348.978,13.377
-811.654,350.387,12.585
-809.093,351.851,11.166
-806.469,353.249,9.628
-803.771,354.821,8.731
-800.857,356.436,8.774
-797.946,358.041,8.723
-795.052,359.650,8.721
-792.131,361.222,8.727
-789.271,362.838,8.761
-786.355,364.516,8.793
-783.451,366.067,8.753
-780.535,367.720,8.750
-777.666,369.279,8.746
-774.740,370.899,8.742
-771.832,372.524,8.784
-768.928,374.141,8.735
-766.010,375.733,8.775
-763.269,377.231,9.418
-760.656,378.720,10.888
-758.090,380.118,12.354
-755.486,381.596,13.635
-752.857,383.040,12.128
-750.298,384.416,10.673
-747.711,385.884,9.179
-744.857,387.454,8.768
-741.977,389.114,8.801
-739.018,390.679,8.728
-736.183,392.233,8.759
-733.246,393.930,8.758
-730.359,395.537,8.756
-727.468,397.128,8.754
-724.573,398.703,8.750
-721.661,400.380,8.783
-718.768,401.935,8.747
-715.828,403.558,8.789
-712.969,405.128,8.788
-710.051,406.753,8.787
-707.118,408.349,8.708
-704.489,409.883,9.937
-701.889,411.306,11.377
-699.295,412.728,12.889
-696.711,414.153,13.160
-694.134,415.577,11.661
-691.496,417.056,10.165
-688.942,418.489,8.796
-685.957,420.077,8.730
-683.134,421.715,8.799
-680.182,423.320,8.768
-677.266,424.959,8.771
-674.403,426.515,8.774
-671.479,428.124,8.776
-668.579,429.753,8.737
-665.669,431.357,8.784
-662.762,432.956,8.745
-659.872,434.567,8.751
-656.979,436.162,8.756
-654.120,437.794,8.795
-651.150,439.412,8.726
-648.279,441.008,8.907
-645.684,442.391,10.361
-643.081,443.901,11.834
-640.515,445.309,13.315
-637.865,446.739,12.648
-635.324,448.166,11.185
-632.691,449.605,9.664
-630.036,451.151,8.797
-627.103,452.737,8.776
-624.220,454.386,8.777
-621.317,455.996,8.789
-618.400,457.577,8.728
-615.525,459.212,8.773
-612.585,460.740,8.724
-609.738,462.399,8.801
-606.765,464.013,8.785
-603.891,465.615,8.717
-601.007,467.193,8.733
-598.092,468.872,8.781
-595.175,470.382,8.737
-592.278,472.072,8.747
-589.545,473.544,9.360
-586.910,475.009,10.866
-584.358,476.444,12.330
-581.728,477.904,13.665
-579.159,479.298,12.211
-576.547,480.778,10.721
-573.931,482.243,9.234
-571.151,483.754,8.754
-568.247,485.375,8.779
-565.353,487.008,8.792
-562.432,488.586,8.747
-559.539,490.208,8.734
-556.650,491.830,8.790
-553.734,493.399,8.789
-550.852,495.022,8.737
-547.959,496.621,8.768
-545.012,498.286,8.785
-542.103,499.843,8.746
-539.220,501.444,8.738
-536.319,503.006,8.743
-533.393,504.692,8.766
-530.527,506.311,8.789
-527.635,507.877,8.756
-524.674,509.481,8.723
-521.810,511.094,8.790
-518.869,512.730,8.787
-515.981,514.286,8.716
-513.059,515.955,8.745
-510.185,517.534,8.787
-507.340,519.170,8.778
-504.383,520.757,8.751
-501.516,522.342,8.755
-498.577,523.963,8.758
-495.654,525.616,8.725
-496.673,527.467,8.729
-499.365,529.424,8.736
-502.062,531.363,8.739
-504.764,533.284,8.739
-507.470,535.185,8.735
-510.249,537.016,8.727
-512.980,538.911,8.760
-515.700,540.755,8.745
-518.508,542.560,8.772
-521.244,544.381,8.723
-524.019,546.256,8.775
-526.840,548.000,8.791
-529.658,549.709,8.731
-532.445,551.524,8.773
-535.298,553.250,8.739
-538.149,554.944,8.787
-541.010,556.629,8.746
-543.910,556.017,8.794
-546.806,554.411,8.786
-549.697,552.792,8.779
-552.604,551.202,8.730
-555.502,549.589,8.769
-558.416,548.004,8.766
-561.296,546.351,8.730
-564.201,544.741,8.727
-567.102,543.118,8.724
-570.029,541.538,8.755
-572.929,539.904,8.724
-575.847,538.299,8.754
-578.768,536.694,8.756
-581.617,535.135,8.758
-584.530,533.506,8.760
-587.470,531.917,8.795
-590.352,530.221,8.734
-593.247,528.720,8.803
-596.151,527.052,8.775
-599.016,525.485,8.782
-601.943,523.844,8.788
-604.889,522.230,8.752
-607.742,520.624,8.758
-610.665,518.957,8.734
-613.565,517.417,8.732
-616.446,515.838,8.742
-619.390,514.184,8.752
-622.263,512.579,8.761
-625.156,510.998,8.729
-628.039,509.394,8.785
-630.991,507.724,8.752
-633.890,506.130,8.766
-636.644,504.632,9.499
-639.243,503.218,10.984
-641.796,501.727,12.418
-644.415,500.329,13.550
-647.005,498.882,12.069
-649.609,497.449,10.634
-652.191,495.977,9.148
-655.051,494.426,8.759
-657.898,492.848,8.775
-660.829,491.226,8.749
-663.757,489.591,8.722
-666.611,487.997,8.785
-669.557,486.369,8.715
-672.428,484.784,8.734
-675.395,483.166,8.790
-678.249,481.538,8.730
-681.117,479.923,8.717
-684.036,478.365,8.728
-686.934,476.769,8.751
-689.827,475.159,8.773
-692.707,473.521,8.715
-695.392,472.072,9.966
-697.978,470.635,11.413
-700.578,469.208,12.911
-703.173,467.767,13.071
-705.760,466.308,11.657
-708.377,464.881,10.104
-710.975,463.420,8.732
-713.890,461.758,8.723
-716.797,460.223,8.738
-719.704,458.531,8.728
-722.603,456.966,8.743
-725.517,455.409,8.806
-728.439,453.705,8.750
-731.334,452.105,8.731
-734.245,450.513,8.760
-737.171,448.928,8.777
-740.074,447.305,8.804
-742.903,445.728,8.749
-745.825,444.107,8.731
-748.723,442.448,8.723
-751.601,440.897,8.929
-754.193,439.437,10.415
-756.798,437.984,11.953
-759.348,436.602,13.401
-761.946,435.124,12.585
-764.583,433.680,11.174
-767.146,432.287,9.676
-769.866,430.776,8.749
-772.757,429.160,8.778
-775.671,427.559,8.761
-778.581,425.943,8.744
-781.505,424.331,8.774
-784.405,422.682,8.755
-787.292,421.145,8.739
-790.203,419.485,8.768
-793.080,417.917,8.750
-795.988,416.233,8.741
-798.896,414.673,8.761
-801.766,413.065,8.705
-804.684,411.493,8.773
-807.641,409.812,8.755
-810.384,408.316,9.462
-812.941,406.898,10.944
-815.574,405.411,12.383
-818.164,404.007,13.631
-820.724,402.566,12.104
-823.331,401.161,10.699
-825.976,399.647,9.203
-828.764,398.125,8.788
-831.620,396.524,8.729
-834.566,394.860,8.708
-837.465,393.275,8.775
-840.352,391.667,8.715
-843.267,390.074,8.733
-846.183,388.469,8.712
-849.083,386.840,8.788
-852.028,385.238,8.806
-854.878,383.673,8.744
-857.788,382.016,8.769
-860.667,380.454,8.746
-863.611,378.804,8.772
-866.517,377.242,8.788
-869.166,375.710,9.920
-871.769,374.260,11.397
-874.351,372.915,12.919
-876.959,371.451,13.194
-879.529,369.945,11.618
-882.117,368.577,10.162
-884.746,367.103,8.761
-887.653,365.456,8.732
-890.520,363.896,8.754
-893.459,362.251,8.724
-896.315,360.659,8.703
-899.278,359.011,8.714
-902.159,357.415,8.733
-905.036,355.806,8.710
-907.970,354.228,8.719
-910.871,352.614,8.736
-913.804,351.013,8.795
-916.692,349.364,8.769
-919.561,347.820,8.784
-922.471,346.166,8.798
-925.340,344.598,8.863
-927.915,343.185,10.375
-930.554,341.682,11.839
-933.111,340.236,13.316
-935.728,338.827,12.692
-938.333,337.398,11.186
-940.929,335.954,9.674
-943.660,334.471,8.780
-946.568,332.847,8.787
-945.840,335.819,8.808
-944.921,338.917,8.784
-943.926,342.094,8.706
-942.932,345.280,8.724
-941.951,348.480,8.733
-940.895,351.631,8.706
-939.864,354.807,8.766
-938.832,357.856,8.782
-937.740,360.997,8.798
-936.619,364.122,8.760
-935.488,367.245,8.722
-934.336,370.357,8.789
-933.181,373.472,8.794
-931.952,376.535,8.763
-930.684,379.707,8.723
-929.447,382.774,8.788
-928.171,385.814,8.704
-926.898,388.862,8.715
-925.612,391.905,8.770
-924.302,394.934,8.728
-922.918,398.044,8.791
-921.563,401.045,8.801
-920.183,404.029,8.758
-917.657,406.044,8.726
-914.769,407.605,8.785
-911.841,409.259,8.791
-908.984,410.824,8.743
-906.053,412.453,8.799
-903.138,414.085,8.802
-900.295,415.629,8.752
-897.400,417.257,8.796
-894.499,418.869,8.797
-891.555,420.432,8.712
-888.721,422.081,8.953
-886.128,423.519,10.418
-883.506,424.922,11.887
-880.903,426.333,13.301
-878.275,427.853,12.665
-875.708,429.280,11.210
-873.117,430.676,9.706
-870.398,432.226,8.723
-867.468,433.849,8.769
-864.613,435.393,8.764
-861.732,437.041,8.801
-858.810,438.641,8.754
-855.881,440.223,8.706
-852.996,441.836,8.792
-850.118,443.446,8.734
-847.166,445.115,8.778
-844.254,446.670,8.729
-841.374,448.246,8.721
-838.466,449.927,8.754
-835.591,451.487,8.796
-832.697,453.160,8.777
-829.909,454.644,9.390
-827.272,456.129,10.855
-824.707,457.535,12.368
-822.154,458.946,13.676
-819.527,460.415,12.151
-816.910,461.887,10.681
-814.347,463.262,9.215
-811.554,464.823,8.754
-808.592,466.485,8.793
-805.711,468.077,8.783
-802.825,469.654,8.772
-799.909,471.336,8.801
-797.019,472.888,8.752
-794.099,474.545,8.742
-791.210,476.079,8.779
-788.306,477.733,8.720
-785.388,479.362,8.759
-782.528,480.898,8.797
-779.646,482.548,8.776
-776.720,484.139,8.776
-773.810,485.737,8.765
-771.102,487.260,9.846
-768.544,488.648,11.371
-765.908,490.087,12.805
-763.328,491.585,13.181
-760.710,493.031,11.695
-758.168,494.407,10.262
-755.565,495.855,8.735
-752.617,497.490,8.773
-749.755,499.066,8.763
-746.823,500.702,8.753
-743.905,502.345,8.793
-741.055,503.908,8.735
-738.128,505.522,8.774
-735.221,507.153,8.765
-732.311,508.769,8.756
-729.396,510.371,8.747
-726.494,511.980,8.787
-723.596,513.585,8.730
-720.710,515.199,8.723
-717.821,516.798,8.716
-714.937,518.396,8.854
-712.309,519.848,10.348
-709.768,521.249,11.794
-707.149,522.699,13.332
-704.552,524.173,12.703
-701.937,525.615,11.206
-699.401,526.997,9.762
-696.647,528.558,8.751
-693.799,530.147,8.781
-690.854,531.753,8.740
-687.904,533.346,8.699
-685.062,534.918,8.778
-682.162,536.565,8.727
-679.251,538.189,8.772
-676.352,539.823,8.804
-673.423,541.406,8.765
-670.523,543.024,8.763
-667.619,544.629,8.761
-664.712,546.221,8.758
-661.807,547.809,8.723
-658.923,549.424,8.757
-656.043,551.036,8.758
-653.159,552.636,8.758
-650.200,554.287,8.758
-647.308,555.861,8.758
-644.419,557.433,8.726
-641.511,559.146,8.798
-638.614,560.692,8.765
-635.744,562.276,8.768
-632.800,563.911,8.771
-629.944,565.506,8.730
-627.007,567.142,8.781
-624.143,568.713,8.739
-621.189,570.308,8.709
-618.261,571.942,8.716
-615.431,573.553,8.758
-612.495,575.163,8.764
-609.575,576.796,8.725
-606.718,578.346,8.779
-603.806,579.982,8.789
-600.903,581.631,8.786
-597.959,583.201,8.728
-599.001,584.523,8.722
-602.096,585.714,8.788
-605.243,586.780,8.783
-608.304,587.857,8.726
-611.476,588.917,8.783
-614.641,589.937,8.756
-617.806,590.933,8.726
-621.027,591.808,8.738
-624.203,592.771,8.785
-627.424,593.596,8.792
-630.623,594.358,8.725
-633.860,595.160,8.714
-637.092,595.928,8.796
-640.360,596.543,8.755
-643.583,597.247,8.748
-646.846,597.804,8.735
-650.122,598.360,8.770
-653.385,598.869,8.752
-656.721,599.287,8.732
-659.991,599.762,8.794
-663.297,600.083,8.731
-666.581,600.347,8.712
-669.930,600.505,8.762
-672.784,598.922,8.747
-675.722,597.280,8.783
-678.588,595.704,8.720
-681.548,594.085,8.794
-684.405,592.481,8.794
-687.274,590.890,8.781
-690.233,589.250,8.720
-693.107,587.656,8.757
-695.969,586.035,8.707
-698.939,584.391,8.784
-701.854,582.836,8.811
-704.707,581.184,8.724
-707.614,579.603,8.751
-710.521,578.016,8.742
-713.424,576.416,8.732
-716.324,574.802,8.722
-719.202,573.152,8.723
-722.124,571.557,8.751
-725.047,569.955,8.743
-727.966,568.339,8.734
-730.809,566.784,8.724
-733.702,565.118,8.726
-736.639,563.506,8.756
-739.577,561.886,8.748
-742.440,560.326,8.740
-745.370,558.679,8.731
-748.239,557.111,8.774
-751.192,555.479,8.804
-754.042,553.871,8.756
-756.920,552.292,8.748
-759.897,550.665,8.780
-762.485,549.193,10.260
-765.016,547.807,11.732
-767.634,546.359,13.156
-770.266,544.923,12.879
-772.865,543.437,11.343
-775.422,542.057,9.845
-778.119,540.517,8.755
-781.033,538.913,8.747
-783.943,537.294,8.739
-786.779,535.740,8.730
-789.694,534.109,8.773
-792.625,532.491,8.765
-795.552,530.858,8.756
-798.406,529.289,8.747
-801.337,527.643,8.790
-804.218,526.088,8.782
-807.127,524.398,8.731
-810.031,522.852,8.763
-812.930,521.290,8.794
-815.860,519.596,8.743
-818.644,518.043,9.253
-821.253,516.598,10.701
-823.804,515.235,12.205
-826.413,513.775,13.712
-829.026,512.311,12.391
-831.651,510.853,10.858
-834.196,509.455,9.426
-836.999,507.865,8.782
-839.856,506.325,8.770
-842.806,504.722,8.800
-845.717,503.067,8.745
-848.569,501.494,8.783
-851.502,499.843,8.769
-854.397,498.296,8.797
-857.318,496.613,8.739
-860.202,495.035,8.724
-863.093,493.453,8.761
-865.976,491.855,8.797
-868.938,490.175,8.780
-868.938,490.175,8.780
-871.751,492.277,8.760
-874.167,491.536,8.743
-876.214,488.749,8.797
-878.302,485.854,8.797
-880.318,483.040,8.797
-882.373,480.119,8.743
-884.369,477.291,8.786
-886.349,474.300,8.741
-888.292,471.426,8.739
-890.250,468.422,8.737
-892.138,465.501,8.735
-894.076,462.485,8.733
-895.921,459.531,8.783
-897.743,456.558,8.779
-899.614,453.490,8.776
-901.402,450.493,8.718
-903.170,447.482,8.768
-904.973,444.363,8.763
-906.707,441.329,8.758
-908.429,438.289,8.796
-910.082,435.191,8.800
-911.747,432.109,8.794
-913.481,428.949,8.778
-915.101,425.836,8.824
-916.682,422.694,8.720
-918.266,419.559,8.713
-919.814,416.398,8.758
-921.339,413.222,8.706
-922.887,410.072,8.741
-924.388,406.886,8.732
-925.853,403.675,8.776
-927.315,400.468,8.713
-928.719,397.218,8.712
-930.134,393.983,8.701
-931.551,390.755,8.788
-932.927,387.500,8.723
-934.243,384.202,8.720
-935.571,380.919,8.708
-936.847,377.737,8.793
-938.135,374.435,8.727
-939.386,371.110,8.713
-940.614,367.774,8.804
-941.812,364.554,8.781
-942.999,361.199,8.819
-944.158,357.829,8.803
-945.231,354.532,8.796
-946.348,351.144,8.726
-947.393,347.841,8.761
-948.459,344.428,8.743
-949.462,341.107,8.725
-950.515,337.699,8.803
-951.426,334.324,8.792
-952.435,330.899,8.816
-953.303,327.508,8.750
-954.171,324.126,8.781
-955.096,320.662,8.803
-955.896,317.247,8.789
-956.689,313.834,8.712
-957.458,310.413,8.740
-958.197,306.978,8.715
-958.893,303.522,8.740
-959.576,300.066,8.766
-960.244,296.607,8.791
-960.838,293.108,8.717
-961.456,289.633,8.731
-962.034,286.140,8.753
-962.552,282.616,8.773
-962.997,279.178,8.696
-963.524,275.678,8.803
-963.893,272.209,8.724
-964.302,268.651,8.739
-964.611,265.162,8.710
-964.945,261.698,8.768
-965.240,258.098,8.727
-962.785,255.696,8.860
-960.526,253.423,10.406
-958.316,251.187,11.934
-956.103,248.953,13.503
-953.889,246.724,12.445
-951.631,244.472,10.845
-949.420,242.255,9.246
-947.007,239.916,8.860
-944.776,237.696,10.501
-942.534,235.474,12.030
-940.351,233.177,13.650
-938.134,230.981,15.251
-935.832,228.737,16.762
-933.628,226.559,18.341
-931.435,224.276,17.580
-929.194,222.085,15.978
-926.904,219.869,14.389
-924.720,217.609,12.892
-922.448,215.414,11.221
-920.300,213.186,9.731
-917.943,210.837,8.751
-915.463,208.305,8.729
-912.949,205.871,8.752
-910.447,203.340,8.771
-908.006,200.852,8.782
-905.519,198.344,8.797
-903.024,195.949,8.964
-900.796,193.720,10.565
-898.551,191.487,12.155
-896.324,189.271,13.688
-894.122,186.965,12.229
-891.863,184.741,10.597
-889.649,182.549,9.099
-887.198,180.113,8.770
-884.703,177.551,8.724
-882.222,175.112,8.800
-879.708,172.660,8.788
-877.243,170.138,8.728
-874.749,167.606,8.757
-872.432,165.292,9.623
-870.208,163.038,11.221
-867.937,160.869,12.807
-865.720,158.631,14.338
-863.477,156.385,15.946
-861.257,154.159,17.500
-859.036,151.938,18.411
-856.815,149.723,16.842
-854.576,147.504,15.279
-852.334,145.187,13.642
-850.112,142.991,12.132
-847.898,140.805,10.508
-845.685,138.524,8.979
-843.172,136.080,8.721
-840.719,133.577,8.753
-838.181,131.134,8.709
-835.725,128.645,8.779
-833.238,126.147,8.767
-830.735,123.649,8.751
-828.466,121.291,9.778
-826.197,119.135,11.292
-823.982,116.822,12.871
-821.731,114.592,13.028
-819.514,112.389,11.440
-817.280,110.183,9.860
-815.018,107.871,8.782
-812.503,105.428,8.791
-809.957,102.881,8.728
-807.494,100.389,8.768
-804.975,97.875,8.735
-802.524,95.408,8.730
-800.022,92.922,8.809
-797.810,90.695,10.397
-795.585,88.468,11.972
-793.347,86.241,13.534
-791.128,84.032,15.126
-788.922,81.838,16.699
-786.674,79.537,18.272
-784.402,77.321,17.649
-782.208,75.065,16.088
-780.010,72.905,14.578
-777.745,70.626,12.967
-775.524,68.379,11.401
-773.251,66.201,9.771
-770.970,63.849,8.760
-768.476,61.395,8.728
-765.978,58.860,8.769
-763.490,56.429,8.772
-761.010,53.924,8.771
-758.516,51.422,8.767
-756.008,48.923,8.759
-752.740,48.088,8.757
-749.203,47.701,8.775
-745.706,47.321,8.756
-742.236,46.943,8.773
-738.726,46.529,8.743
-735.225,46.192,8.751
-731.718,45.837,8.753
-728.205,45.465,8.750
-724.687,45.076,8.742
-721.179,44.762,8.770
-717.670,44.349,8.727
-714.178,44.014,8.738
-710.716,43.680,8.783
-707.148,43.273,8.733
-703.658,42.975,8.768
-700.167,42.581,8.734
-696.661,42.164,8.765
-693.117,41.790,8.727
-689.645,41.441,8.780
-686.174,40.997,8.764
-682.618,40.570,8.711
-679.135,40.168,8.747
-675.670,39.761,8.754
-672.173,39.241,8.785
-668.665,38.778,8.743
-665.190,38.318,8.734
-661.745,37.783,8.778
-658.195,37.172,8.734
-654.745,36.603,8.766
-651.277,36.009,8.735
-647.796,35.391,8.762
-644.315,34.684,8.726
-640.927,33.942,8.772
-637.474,33.148,8.780
-634.083,32.304,8.757
-630.643,31.416,8.753
-627.273,30.410,8.780
-623.928,29.336,8.738
-620.587,28.180,8.752
-617.357,26.866,8.789
-614.101,25.456,8.773
-610.980,23.908,8.771
-607.919,22.108,8.755
-604.998,20.040,8.761
-602.333,17.851,8.778
-599.937,15.203,8.769
-598.068,12.194,8.740
-596.806,8.947,8.747
-596.142,5.527,8.734
-596.097,2.012,8.737
-596.488,-1.507,8.768
-597.161,-4.987,8.778
-598.064,-8.398,8.732
-599.115,-11.721,8.770
-600.259,-15.057,8.763
-601.537,-18.388,8.744
-602.888,-21.613,8.791
-604.231,-24.845,8.768
-605.683,-28.090,8.751
-607.147,-31.266,8.770
-608.590,-34.525,8.736
-610.136,-37.671,8.760
-611.624,-40.851,8.737
-613.189,-44.001,8.736
-614.750,-47.160,8.778
-616.239,-50.360,8.729
-617.861,-53.506,8.794
-619.356,-56.717,8.780
-620.854,-59.869,8.759
-622.383,-63.080,8.774
-623.847,-66.262,8.752
-625.335,-69.441,8.766
-626.766,-72.652,8.743
-628.169,-75.881,8.780
-629.566,-79.121,8.755
-630.893,-82.395,8.754
-632.204,-85.682,8.753
-633.497,-88.983,8.752
-634.673,-92.268,8.737
-635.809,-95.640,8.728
-636.967,-98.943,8.769
-637.996,-102.297,8.741
-638.955,-105.681,8.738
-639.912,-109.068,8.792
-640.740,-112.502,8.776
-641.427,-115.986,8.754
-642.067,-119.420,8.751
-642.638,-122.942,8.773
-643.120,-126.426,8.779
-643.389,-129.910,8.745
-643.586,-133.477,8.736
-643.712,-136.996,8.769
-643.723,-140.480,8.790
-643.520,-144.018,8.770
-643.231,-147.509,8.735
-642.814,-151.026,8.750
-642.283,-154.500,8.752
-641.637,-157.994,8.743
-640.849,-161.385,8.725
-639.990,-164.845,8.750
-639.062,-168.183,8.799
-637.932,-171.557,8.745
-636.748,-174.865,8.773
-635.481,-178.115,8.784
-634.070,-181.382,8.787
-632.574,-184.590,8.755
-630.984,-187.739,8.767
-629.339,-190.821,8.743
-627.567,-193.912,8.765
-625.741,-196.935,8.750
-623.849,-199.892,8.758
-621.905,-202.780,8.727
-619.906,-205.661,8.776
-617.755,-208.492,8.757
-615.561,-211.312,8.756
-613.367,-213.993,8.754
-611.060,-216.676,8.736
-608.727,-219.344,8.775
-606.307,-221.890,8.741
-603.863,-224.421,8.762
-601.362,-226.943,8.745
-598.808,-229.338,8.748
-596.242,-231.716,8.748
-593.608,-234.087,8.768
-590.927,-236.388,8.749
-588.186,-238.623,8.748
-585.444,-240.782,8.745
-582.635,-242.933,8.759
-579.780,-245.017,8.735
-576.912,-247.028,8.763
-573.990,-249.029,8.752
-571.068,-250.958,8.737
-568.080,-252.878,8.739
-565.120,-254.668,8.790
-562.061,-256.454,8.751
-558.952,-258.229,8.780
-555.869,-259.878,8.750
-552.691,-261.521,8.736
-549.563,-263.091,8.768
-546.422,-264.594,8.743
-543.244,-266.034,8.784
-539.967,-267.471,8.735
-536.683,-268.843,8.733
-533.492,-270.088,8.773
-530.190,-271.332,8.776
-526.819,-272.519,8.741
-523.471,-273.642,8.750
-520.131,-274.703,8.752
-516.752,-275.656,8.764
-513.320,-276.604,8.737
-509.898,-277.443,8.752
-506.484,-278.225,8.760
-503.019,-278.955,8.776
-499.529,-279.582,8.752
-499.342,-278.474,8.750
-501.831,-275.961,8.740
-504.339,-273.474,8.760
-506.821,-271.017,8.777
-509.314,-268.488,8.743
-511.833,-266.035,8.786
-514.333,-263.512,8.780
-516.779,-261.025,8.772
-519.288,-258.560,8.742
-521.782,-256.025,8.760
-524.224,-253.578,8.727
-526.756,-251.047,8.771
-529.246,-248.553,8.763
-531.527,-246.274,9.744
-533.799,-244.031,11.358
-536.037,-241.776,12.932
-538.218,-239.565,12.985
-540.526,-237.319,11.474
-542.690,-235.132,9.871
-545.059,-232.790,8.787
-547.415,-230.379,9.336
-549.625,-228.189,10.901
-551.873,-225.922,12.511
-554.099,-223.698,13.441
-556.311,-221.514,11.862
-558.561,-219.253,10.304
-560.789,-217.035,8.734
-563.308,-214.526,8.750
-565.734,-212.071,8.731
-568.071,-209.725,9.591
-570.355,-207.485,11.178
-572.595,-205.239,12.778
-574.834,-202.977,13.165
-577.029,-200.765,11.579
-579.255,-198.532,10.015
-581.551,-196.269,8.766
-584.046,-193.773,8.769
-586.528,-191.262,8.770
-589.048,-188.781,8.745
-591.500,-186.298,8.739
-593.983,-183.790,8.765
-596.505,-181.312,8.766
-598.942,-178.837,8.731
-601.439,-176.329,8.726
-603.956,-173.858,8.922
-606.193,-171.621,10.493
-608.412,-169.433,12.073
-610.618,-167.175,13.663
-612.879,-164.949,12.277
-615.065,-162.729,10.689
-617.352,-160.468,9.156
-619.748,-158.102,8.738
-622.221,-155.575,8.777
-624.762,-153.074,8.784
-627.140,-150.664,9.279
-629.372,-148.469,10.835
-631.589,-146.201,12.400
-633.836,-143.975,13.511
-636.059,-141.741,11.957
-638.299,-139.554,10.386
-640.522,-137.295,8.786
-642.997,-134.818,8.748
-643.522,-131.554,8.757
-643.246,-128.074,8.733
-642.842,-124.566,8.760
-642.378,-121.075,8.750
-641.747,-117.638,8.752
-641.025,-114.166,8.723
-640.275,-110.705,8.770
-639.396,-107.289,8.749
-638.445,-103.901,8.752
-637.477,-100.523,8.755
-636.397,-97.189,8.746
-635.241,-93.823,8.761
-634.073,-90.531,8.775
-632.772,-87.231,8.721
-631.545,-83.973,8.754
-630.225,-80.693,8.755
-628.652,-78.440,8.743
-626.131,-80.963,8.765
-623.649,-83.455,8.759
-621.155,-85.937,8.749
-618.696,-88.454,8.771
-616.178,-90.915,8.753
-613.962,-93.180,10.320
-611.717,-95.380,11.932
-609.517,-97.614,13.506
-607.251,-99.860,15.087
-605.025,-102.078,16.631
-602.843,-104.267,18.249
-600.567,-106.541,17.713
-598.378,-108.769,16.147
-596.133,-111.004,14.555
-593.943,-113.207,13.004
-591.624,-115.443,11.385
-589.461,-117.669,9.832
-587.113,-120.009,8.765
-584.634,-122.499,8.778
-582.171,-124.966,8.782
-579.651,-127.436,8.736
-577.181,-129.931,8.772
-574.654,-132.428,8.768
-572.190,-134.886,8.883
-569.954,-137.136,10.457
-567.776,-139.352,12.046
-565.484,-141.592,13.594
-563.276,-143.846,12.332
-561.069,-146.029,10.776
-558.804,-148.273,9.196
-556.450,-150.696,8.781
-553.889,-153.224,8.761
-551.443,-155.696,8.748
-548.928,-158.171,8.749
-546.472,-160.664,8.776
-543.958,-163.156,8.755
-541.599,-165.529,9.491
-539.343,-167.747,11.082
-537.128,-169.992,12.641
-534.885,-172.229,14.236
-532.685,-174.438,15.799
-530.457,-176.639,17.397
-528.213,-178.882,18.562
-525.964,-181.110,16.985
-523.753,-183.362,15.402
-521.526,-185.603,13.829
-519.283,-187.832,12.267
-517.109,-190.027,10.695
-514.812,-192.287,9.108
-512.424,-194.704,8.773
-509.963,-197.170,8.771
-507.427,-199.683,8.771
-504.905,-202.172,8.765
-502.422,-204.679,8.739
-499.988,-207.153,8.785
-497.571,-209.506,9.607
-495.364,-211.744,11.157
-493.129,-213.970,12.739
-490.910,-216.176,13.169
-488.657,-218.420,11.604
-486.445,-220.637,10.035
-484.205,-222.936,8.780
-481.663,-225.418,8.743
-479.145,-227.918,8.735
-476.709,-230.427,8.748
-474.163,-232.888,8.732
-471.737,-235.395,8.770
-469.221,-237.896,8.775
-466.750,-240.366,8.763
-464.255,-242.862,8.748
-461.716,-245.343,8.732
-459.259,-247.831,8.739
-456.748,-250.349,8.744
-454.298,-252.834,8.776
-451.788,-255.304,8.765
-449.341,-257.786,8.939
-447.104,-259.999,10.490
-444.904,-262.232,12.100
-442.640,-264.455,13.660
-440.400,-266.697,12.281
-438.205,-268.915,10.700
-435.903,-271.168,9.100
-433.513,-273.578,8.746
-430.831,-275.371,8.749
-427.533,-274.309,8.778
-424.149,-273.200,8.766
-420.826,-271.987,8.739
-417.558,-270.714,8.769
-414.273,-269.353,8.754
-411.041,-267.975,8.754
-407.821,-266.471,8.742
-404.729,-264.944,8.778
-401.513,-263.353,8.738
-398.446,-261.661,8.745
-395.324,-259.978,8.740
-392.345,-258.160,8.746
-389.355,-256.346,8.772
-386.343,-254.467,8.750
-383.924,-252.485,8.758
-386.422,-249.975,8.772
-388.906,-247.477,8.747
-391.412,-244.985,8.746
-393.891,-242.508,8.741
-396.402,-239.998,8.761
-398.907,-237.538,8.774
-401.360,-235.025,8.751
-403.856,-232.553,8.750
-406.336,-230.058,8.745
-408.750,-227.669,9.355
-410.989,-225.416,10.934
-413.229,-223.181,12.521
-415.460,-220.967,13.454
-417.658,-218.742,11.874
-419.859,-216.535,10.275
-422.124,-214.293,8.760
-424.607,-211.808,8.770
-427.059,-209.307,8.739
-429.582,-206.804,8.765
-432.067,-204.328,8.750
-434.583,-201.818,8.760
-437.080,-199.332,8.765
-439.561,-196.869,9.036
-441.747,-194.643,10.591
-444.013,-192.416,12.180
-446.217,-190.190,13.749
-448.390,-187.998,12.176
-450.649,-185.761,10.609
-452.864,-183.521,9.029
-455.309,-181.054,8.743
-457.816,-178.589,8.754
-460.310,-176.107,8.759
-462.790,-173.607,8.759
-465.310,-171.117,8.742
-467.805,-168.614,8.762
-470.315,-166.085,8.772
-472.762,-163.648,8.742
-475.260,-161.126,8.778
-477.562,-158.842,9.894
-479.776,-156.620,11.497
-482.042,-154.362,13.054
-484.203,-152.175,12.858
-486.493,-149.924,11.305
-488.696,-147.688,9.706
-491.035,-145.385,8.739
-493.325,-143.084,10.018
-495.530,-140.849,11.583
-497.775,-138.632,13.145
-500.027,-136.397,12.783
-502.278,-134.147,11.224
-504.489,-131.948,9.651
-506.805,-129.590,8.737
-509.340,-127.074,8.776
-511.779,-124.631,8.739
-514.137,-122.256,9.758
-516.361,-120.025,11.319
-518.572,-117.838,12.890
-520.801,-115.575,13.043
-523.029,-113.353,11.445
-525.301,-111.097,9.906
-527.567,-108.830,8.759
-530.035,-106.351,8.742
-532.534,-103.842,8.753
-535.025,-101.375,8.759
-537.574,-98.865,8.787
-540.025,-96.382,8.736
-542.523,-93.861,8.759
-545.040,-91.371,8.772
-547.503,-88.890,8.738
-549.978,-86.444,9.089
-552.125,-84.250,10.616
-554.369,-81.998,12.224
-556.586,-79.804,13.695
-558.853,-77.517,12.144
-561.087,-75.290,10.583
-563.316,-73.114,9.004
-565.766,-70.641,8.763
-568.255,-68.135,8.747
-570.713,-65.689,8.733
-573.261,-63.124,8.784
-575.763,-60.627,8.787
-578.262,-58.179,8.786
-580.521,-55.835,9.690
-582.772,-53.607,11.291
-584.993,-51.382,12.852
-587.241,-49.133,14.460
-589.429,-46.965,15.992
-591.661,-44.701,17.563
-593.903,-42.421,18.351
-595.920,-40.112,16.720
-598.006,-37.692,15.095
-600.063,-35.338,13.461
-602.081,-32.993,11.818
-604.123,-30.689,10.152
-605.707,-28.211,8.751
-604.305,-24.940,8.745
-602.897,-21.742,8.738
-601.562,-18.508,8.744
-600.285,-15.177,8.763
-599.141,-11.841,8.770
-598.092,-8.517,8.732
-597.189,-5.107,8.778
-596.517,-1.626,8.768
-596.077,1.864,8.760
-596.123,5.379,8.757
-596.710,8.820,8.742
-597.956,12.127,8.735
-599.866,15.091,8.757
-602.238,17.723,8.773
-604.913,19.988,8.748
-607.785,22.027,8.767
-610.807,23.802,8.738
-613.953,25.366,8.731
-617.192,26.838,8.748
-620.502,28.129,8.740
-623.795,29.255,8.752
-627.126,30.321,8.739
-630.559,31.365,8.742
-633.934,32.288,8.771
-637.371,33.161,8.769
-640.762,33.919,8.730
-644.245,34.643,8.772
-647.711,35.342,8.751
-651.189,36.033,8.782
-654.643,36.619,8.756
-658.108,37.197,8.782
-661.581,37.765,8.737
-665.059,38.243,8.752
-668.563,38.797,8.732
-672.035,39.240,8.736
-675.540,39.686,8.773
-678.249,41.861,8.797
-680.720,44.300,8.821
-682.957,46.535,10.437
-685.141,48.747,12.009
-687.384,51.001,13.554
-689.587,53.241,12.371
-691.879,55.459,10.818
-694.053,57.698,9.226
-696.479,60.092,8.786
-698.769,62.333,10.291
-700.950,64.518,11.851
-703.167,66.814,13.382
-705.388,69.038,12.549
-707.648,71.208,10.978
-709.875,73.450,9.392
-712.249,75.872,8.770
-714.707,78.352,8.714
-717.250,80.807,8.753
-719.743,83.327,8.723
-722.213,85.842,8.762
-724.739,88.313,8.764
-727.134,90.714,9.316
-729.359,92.933,10.874
-731.571,95.150,12.441
-733.802,97.386,14.058
-736.029,99.627,15.609
-738.218,101.851,17.175
-740.500,104.139,18.770
-742.749,106.325,17.199
-744.962,108.585,15.614
-747.163,110.754,14.022
-749.383,113.032,12.452
-751.618,115.234,10.867
-753.898,117.471,9.303
-756.254,119.854,8.788
-758.727,122.317,8.715
-761.258,124.824,8.744
-763.750,127.315,8.778
-766.240,129.813,8.728
-768.706,132.303,8.754
-771.104,134.663,9.418
-773.331,136.923,11.005
-775.543,139.179,12.601
-777.805,141.378,13.387
-780.007,143.640,11.824
-782.211,145.814,10.174
-784.464,148.121,8.747
-786.946,150.581,8.723
-789.509,153.100,8.798
-791.963,155.557,8.766
-794.458,158.047,8.766
-796.938,160.534,8.763
-799.444,163.046,8.717
-801.925,165.548,8.752
-804.376,168.039,8.706
-806.912,170.490,8.770
-809.180,172.774,10.359
-811.339,174.993,11.848
-813.606,177.185,13.452
-815.813,179.446,12.504
-818.084,181.652,10.897
-820.271,183.911,9.317
-822.692,186.329,8.755
-825.144,188.774,8.728
-827.565,191.101,9.724
-829.735,193.372,11.270
-831.974,195.589,12.862
-834.198,197.801,13.075
-836.426,200.021,11.494
-838.667,202.254,9.948
-840.929,204.507,8.717
-843.429,207.031,8.745
-845.707,209.306,10.122
-847.910,211.535,11.730
-850.131,213.782,13.301
-852.412,215.964,12.634
-854.623,218.213,11.038
-856.844,220.475,9.476
-859.204,222.835,8.747
-861.710,225.299,8.765
-864.198,227.757,8.778
-866.664,230.318,8.744
-869.174,232.802,8.754
-871.664,235.279,8.760
-874.170,237.772,8.718
-876.646,240.250,8.765
-879.136,242.744,8.763
-881.500,245.158,9.467
-883.735,247.373,11.024
-885.971,249.595,12.636
-888.202,251.816,13.340
-890.439,254.047,11.725
-892.649,256.263,10.193
-894.896,258.509,8.711
-897.390,261.048,8.728
-899.887,263.476,8.711
-902.390,266.032,8.724
-904.887,268.470,8.740
-907.373,271.025,8.756
-909.876,273.478,8.767
-912.095,275.739,10.063
-914.370,277.922,11.695
-916.586,280.189,13.293
-918.807,282.464,14.849
-921.045,284.634,16.410
-923.265,286.917,17.979
-925.482,289.080,17.889
-927.689,291.363,16.312
-929.962,293.572,14.768
-932.232,295.784,13.262
-934.398,298.050,11.660
-936.657,300.262,10.039
-938.930,302.486,8.767
-941.437,305.006,8.738
-943.902,307.501,8.806
-946.392,310.019,8.769
-948.867,312.531,8.779
-951.400,314.961,8.785
-953.880,317.487,8.735
-955.151,320.316,8.757
-954.298,323.701,8.726
-953.360,327.162,8.704
-952.494,330.553,8.770
-951.598,333.930,8.781
-950.577,337.353,8.757
-949.628,340.706,8.820
-948.563,344.112,8.742
-947.548,347.430,8.760
-946.455,350.829,8.724
-945.373,354.110,8.741
-944.268,357.514,8.801
-943.071,360.854,8.773
-941.935,364.115,8.735
-940.727,367.459,8.803
-939.500,370.796,8.711
-937.858,372.195,8.849
-935.671,369.934,10.403
-933.404,367.747,11.945
-931.194,365.474,13.580
-928.935,363.298,12.422
-926.735,361.039,10.849
-924.530,358.779,9.230
-922.143,356.511,9.171
-919.919,354.242,10.721
-917.692,351.973,12.270
-915.471,349.843,13.676
-913.208,347.553,12.022
-911.022,345.326,10.451
-908.828,343.095,8.937
-906.298,340.606,8.716
-903.786,338.135,8.727
-901.367,335.611,8.728
-898.850,333.143,8.732
-896.356,330.697,8.735
-893.884,328.144,8.732
-891.563,325.839,9.787
-889.324,323.601,11.336
-887.105,321.382,12.975
-884.878,319.159,14.502
-882.623,316.917,16.114
-880.400,314.704,17.717
-878.170,312.489,18.227
-875.931,310.269,16.673
-873.701,308.060,15.079
-871.517,305.766,13.540
-869.289,303.565,11.999
-867.049,301.358,10.427
-864.796,299.144,8.823
-862.327,296.647,8.736
-859.827,294.131,8.740
-857.331,291.621,8.789
-854.847,289.125,8.788
-852.376,286.645,8.738
-849.877,284.146,8.778
-847.552,281.902,9.865
-845.343,279.633,11.464
-843.076,277.440,13.050
-840.878,275.186,12.902
-838.627,272.896,11.273
-836.411,270.753,9.730
-834.079,268.408,8.746
-831.563,265.929,8.764
-829.105,263.384,8.734
-826.614,260.933,8.748
-824.107,258.474,8.758
-821.624,255.925,8.764
-819.137,253.490,8.917
-816.919,251.262,10.550
-814.700,249.036,12.138
-812.467,246.804,13.712
-810.257,244.594,15.231
-808.024,242.369,16.826
-805.777,240.139,18.407
-803.600,237.855,17.504
-801.354,235.633,15.942
-799.129,233.430,14.347
-796.902,231.230,12.837
-794.608,228.984,11.188
-792.424,226.717,9.653
-790.058,224.425,8.772
-787.580,221.948,8.785
-785.147,219.404,8.786
-782.640,216.917,8.791
-780.133,214.435,8.762
-777.650,211.975,8.795
-775.181,209.531,9.060
-772.938,207.258,10.635
-770.750,205.031,12.202
-768.521,202.778,13.711
-766.248,200.598,12.166
-764.034,198.365,10.591
-761.806,196.126,9.024
-759.372,193.639,8.759
-756.861,191.204,8.736
-754.347,188.671,8.718
-751.898,186.191,8.722
-749.412,183.691,8.731
-746.914,181.187,8.735
-744.572,178.901,9.680
-742.297,176.668,11.235
-740.111,174.406,12.881
-737.868,172.205,14.441
-735.699,169.966,16.022
-733.410,167.741,17.563
-731.190,165.476,18.373
-728.986,163.322,16.814
-726.708,161.025,15.170
-724.509,158.789,13.628
-722.283,156.634,12.068
-720.044,154.380,10.476
-717.823,152.144,8.934
-715.366,149.653,8.750
-712.854,147.130,8.722
-710.395,144.742,8.781
-707.860,142.215,8.745
-705.369,139.727,8.737
-702.928,137.190,8.767
-700.589,134.912,9.781
-698.352,132.711,11.355
-696.132,130.438,12.913
-693.888,128.242,13.018
-691.672,125.984,11.429
-689.444,123.722,9.849
-687.132,121.409,8.780
-684.625,118.966,8.746
-682.110,116.437,8.716
-679.656,113.958,8.776
-677.177,111.469,8.768
-674.687,108.980,8.757
-672.187,106.491,8.741
-669.652,103.986,8.728
-667.188,101.537,8.734
-664.802,99.065,9.128
-662.538,96.851,10.675
-660.303,94.580,12.266
-658.040,92.378,13.645
-655.826,90.134,12.074
-653.623,87.905,10.505
-651.361,85.722,8.953
-648.931,83.271,8.743
-646.415,80.770,8.757
-644.090,78.405,9.712
-641.885,76.208,11.289
-639.621,73.978,12.866
-637.432,71.726,13.048
-635.181,69.518,11.476
-632.985,67.275,9.887
-630.645,64.945,8.728
-628.227,62.569,8.968
-625.977,60.313,10.526
-623.716,58.057,12.068
-621.520,55.851,13.677
-619.292,53.631,12.257
-617.057,51.339,10.684
-614.836,49.138,9.096
-612.419,46.743,8.755
-609.913,44.224,8.744
-607.433,41.733,8.764
-604.968,39.261,8.772
-602.469,36.775,8.782
-599.945,34.284,8.734
-597.583,31.906,9.585
-595.371,29.704,11.153
-593.180,27.453,12.755
-590.936,25.247,14.347
-588.684,22.973,15.870
-586.456,20.793,17.462
-584.212,18.541,18.461
-582.008,16.324,16.886
-579.730,14.067,15.294
-577.526,11.867,13.733
-575.287,9.585,12.140
-573.058,7.385,10.600
-570.867,5.151,9.000
-568.366,2.668,8.731
-565.892,0.212,8.758
-563.383,-2.320,8.739
-561.013,-4.690,9.410
-558.828,-6.873,10.998
-556.557,-9.098,12.594
-554.338,-11.347,14.151
-552.147,-13.569,15.725
-549.894,-15.818,17.298
-547.676,-18.038,18.638
-545.399,-20.282,17.033
-543.199,-22.471,15.459
-540.974,-24.728,13.904
-538.734,-26.921,12.307
-536.532,-29.143,10.756
-534.278,-31.386,9.182
-531.893,-33.816,8.768
-529.348,-36.327,8.736
-526.873,-38.784,8.767
-524.383,-41.295,8.749
-521.923,-43.775,8.757
-519.387,-46.286,8.733
-517.038,-48.619,9.515
-514.807,-50.872,11.113
-512.615,-53.091,12.675
-510.386,-55.320,13.271
-508.160,-57.536,11.679
-505.920,-59.749,10.100
-503.607,-62.046,8.732
-501.134,-64.530,8.759
-498.676,-66.991,8.772
-496.174,-69.516,8.745
-493.718,-72.000,8.784
-491.168,-74.520,8.750
-488.649,-77.008,8.742
-486.482,-79.237,10.178
-484.187,-81.471,11.751
-481.937,-83.719,13.290
-479.756,-85.917,14.872
-477.531,-88.177,16.484
-475.298,-90.377,18.030
-473.047,-92.624,17.888
-470.860,-94.824,16.314
-468.637,-97.079,14.757
-466.338,-99.310,13.144
-464.139,-101.525,11.599
-461.913,-103.788,10.029
-459.651,-106.055,8.759
-457.164,-108.517,8.749
-454.658,-111.018,8.773
-452.154,-113.546,8.747
-449.679,-115.996,8.745
-447.210,-118.470,8.770
-444.690,-120.996,8.760
-442.414,-123.247,10.241
-440.242,-125.433,11.831
-437.976,-127.694,13.415
-435.773,-129.909,12.524
-433.544,-132.164,10.957
-431.308,-134.362,9.363
-428.964,-136.726,8.770
-426.444,-139.239,8.763
-423.939,-141.766,8.743
-421.480,-144.209,8.778
-418.993,-146.728,8.773
-416.465,-149.243,8.765
-413.951,-151.730,8.744
-411.468,-154.222,8.745
-408.945,-156.710,8.744
-406.505,-159.179,8.753
-404.024,-161.684,8.760
-401.529,-164.171,8.759
-399.018,-166.681,8.750
-396.538,-169.154,8.763
-394.112,-171.582,9.070
-391.865,-173.838,10.646
-389.646,-176.064,12.229
-387.360,-178.296,13.696
-385.210,-180.492,12.158
-382.908,-182.765,10.554
-380.713,-184.975,8.978
-378.287,-187.399,8.753
-375.758,-189.909,8.758
-373.266,-192.414,8.750
-370.804,-194.882,8.765
-368.277,-197.382,8.742
-365.821,-199.865,8.770
-363.298,-202.378,8.761
-360.816,-204.850,8.742
-358.412,-207.268,9.403
-356.180,-209.501,10.982
-353.974,-211.703,12.572
-351.753,-213.921,13.363
-349.567,-216.138,11.819
-347.320,-218.383,10.234
-345.062,-220.286,8.751
-342.648,-217.751,8.780
-340.196,-215.186,8.770
-337.815,-212.588,8.768
-335.432,-209.982,8.749
-333.164,-207.326,8.767
-330.869,-204.639,8.772
-328.535,-201.992,8.765
-326.331,-199.255,8.766
-324.119,-196.514,8.751
-321.964,-193.710,8.770
-319.753,-190.954,8.757
-317.658,-188.138,8.753
-315.542,-185.325,8.761
-313.473,-182.451,8.754
-315.081,-179.887,8.752
-317.529,-177.433,8.746
-320.031,-174.922,8.748
-322.517,-172.425,8.738
-325.042,-169.942,8.764
-327.538,-167.449,8.756
-329.994,-164.951,8.741
-332.518,-162.457,8.757
-334.987,-159.967,8.745
-337.525,-157.447,8.764
-339.981,-154.983,8.748
-342.373,-152.599,9.655
-344.577,-150.402,11.203
-346.780,-148.189,12.787
-349.029,-145.931,14.354
-351.262,-143.700,15.935
-353.479,-141.496,17.529
-355.730,-139.255,18.423
-357.902,-137.043,16.830
-360.206,-134.773,15.279
-362.379,-132.601,13.691
-364.643,-130.322,12.127
-366.842,-128.141,10.536
-369.041,-125.906,8.953
-371.537,-123.437,8.758
-374.038,-120.945,8.747
-376.518,-118.448,8.758
-379.057,-115.935,8.779
-381.479,-113.476,8.747
-384.000,-110.979,8.745
-386.347,-108.655,9.729
-388.555,-106.403,11.308
-390.807,-104.192,12.895
-393.029,-101.945,13.049
-395.277,-99.711,11.490
-397.473,-97.496,9.883
-399.782,-95.196,8.753
-402.224,-92.752,8.749
-404.746,-90.241,8.748
-407.234,-87.737,8.744
-409.759,-85.237,8.759
-412.210,-82.771,8.742
-414.730,-80.245,8.766
-417.234,-77.761,8.750
-419.718,-75.275,8.762
-422.161,-72.803,9.068
-424.404,-70.593,10.644
-426.589,-68.364,12.210
-428.853,-66.118,13.732
-431.055,-63.903,12.168
-433.304,-61.695,10.568
-435.523,-59.448,8.983
-437.847,-57.118,9.686
-440.056,-54.905,11.246
-442.278,-52.674,12.811
-444.484,-50.495,13.117
-446.714,-48.239,11.530
-448.996,-45.988,9.984
-451.237,-43.756,8.748
-453.734,-41.230,8.763
-456.233,-38.744,8.769
-458.694,-36.274,8.897
-460.909,-34.073,10.458
-463.151,-31.844,12.059
-465.416,-29.590,13.624
-467.603,-27.382,12.302
-469.832,-25.136,10.733
-472.039,-22.953,9.149
-474.495,-20.471,8.745
-476.977,-18.016,8.757
-479.487,-15.474,8.745
-481.992,-12.983,8.773
-484.450,-10.516,8.760
-486.938,-8.017,8.771
-489.418,-5.572,8.735
-491.952,-3.020,8.755
-494.431,-0.559,8.743
-496.731,1.782,9.780
-498.973,4.028,11.348
-501.220,6.224,12.927
-503.445,8.472,12.993
-505.641,10.644,11.396
-507.885,12.921,9.842
-510.194,15.190,8.763
-512.688,17.731,8.762
-515.191,20.223,8.753
-517.686,22.718,8.737
-520.163,25.208,8.765
-522.636,27.638,8.744
-525.161,30.181,8.880
-527.401,32.386,10.456
-529.598,34.632,12.000
-531.816,36.833,13.599
-534.094,39.085,15.183
-536.264,41.262,16.716
-538.519,43.510,18.322
-540.762,45.754,17.627
-542.954,47.966,16.030
-545.208,50.231,14.482
-547.417,52.468,12.880
-549.685,54.687,11.339
-551.888,56.931,9.739
-554.227,59.215,8.738
-556.678,61.733,8.739
-559.177,64.223,8.770
-561.678,66.722,8.737
-564.162,69.215,8.755
-566.658,71.651,8.768
-569.155,74.167,8.977
-571.360,76.390,10.516
-573.567,78.620,12.116
-575.854,80.842,13.695
-578.042,83.068,12.263
-580.265,85.326,10.684
-582.501,87.523,9.087
-584.967,89.982,8.770
-587.396,92.417,8.727
-589.911,94.926,8.749
-592.395,97.416,8.775
-594.857,99.896,8.742
-597.405,102.449,8.776
-599.740,104.761,9.609
-601.972,106.998,11.190
-604.217,109.248,12.774
-606.415,111.467,14.322
-608.628,113.620,15.880
-610.885,115.894,17.468
-613.090,118.132,18.445
-615.367,120.349,16.879
-617.565,122.590,15.321
-619.797,124.863,13.719
-622.037,127.064,12.165
-624.269,129.261,10.593
-626.464,131.518,9.004
-628.922,133.990,8.725
-631.428,136.419,8.784
-633.907,138.917,8.770
-636.432,141.458,8.782
-638.870,143.934,8.767
-641.384,146.389,8.778
-643.722,148.707,9.704
-645.964,150.952,11.255
-648.195,153.192,12.816
-650.414,155.426,13.074
-652.673,157.696,11.546
-654.832,159.890,9.919
-657.130,162.200,8.760
-659.651,164.695,8.744
-662.176,167.197,8.785
-664.655,169.667,8.768
-667.148,172.152,8.738
-669.622,174.626,8.774
-672.127,177.130,8.775
-674.363,179.420,10.355
-676.585,181.608,11.889
-678.808,183.800,13.497
-681.050,186.105,15.072
-683.238,188.275,16.634
-685.455,190.471,18.171
-687.744,192.730,17.754
-689.925,194.904,16.106
-692.129,197.197,14.541
-694.356,199.415,12.961
-696.627,201.673,11.398
-698.865,203.906,9.829
-701.189,206.213,8.787
-703.701,208.680,8.779
-706.145,211.193,8.777
-708.637,213.650,8.761
-711.148,216.126,8.783
-713.634,218.687,8.791
-716.101,221.134,8.814
-718.322,223.382,10.393
-720.568,225.550,11.981
-722.816,227.825,13.612
-724.974,230.030,12.326
-727.258,232.238,10.759
-729.471,234.494,9.187
-731.871,236.909,8.765
-734.395,239.431,8.789
-736.872,241.917,8.746
-739.351,244.407,8.771
-741.804,246.881,8.719
-744.348,249.326,8.771
-746.878,251.870,8.781
-749.322,254.347,8.760
-751.804,256.859,8.771
-754.125,259.129,9.703
-756.361,261.441,11.292
-758.601,263.650,12.898
-760.842,265.861,13.014
-763.069,268.064,11.493
-765.294,270.267,9.873
-767.547,272.607,8.734
-770.087,275.081,8.756
-772.395,277.475,9.642
-774.607,279.677,11.187
-776.875,281.930,12.767
-779.073,284.126,13.093
-781.326,286.371,11.543
-783.546,288.590,9.990
-785.822,290.859,8.707
-788.346,293.342,8.752
-790.725,295.703,9.556
-792.946,297.933,11.159
-795.137,300.141,12.689
-797.360,302.377,13.177
-799.607,304.637,11.609
-801.865,306.909,10.076
-804.104,309.166,8.735
-806.611,311.654,8.770
-809.125,314.151,8.792
-811.586,316.606,8.737
-814.101,319.109,8.764
-816.576,321.581,8.739
-819.102,324.099,8.797
-821.576,326.576,8.777
-824.055,329.059,8.743
-826.520,331.533,8.942
-828.706,333.772,10.457
-830.966,335.952,12.018
-833.204,338.239,13.625
-835.453,340.414,12.327
-837.668,342.686,10.731
-839.866,344.947,9.121
-842.341,347.320,8.772
-844.837,349.840,8.799
-847.320,352.353,8.785
-849.760,354.831,8.776
-852.303,357.271,8.756
-854.774,359.781,8.732
-857.120,362.186,9.535
-859.371,364.382,11.123
-861.642,366.597,12.758
-863.792,368.840,14.230
-866.066,371.061,15.881
-868.253,373.340,17.447
-870.499,375.541,18.468
-872.740,377.739,16.968
-875.013,379.966,15.397
-877.156,382.216,13.740
-879.447,384.463,12.237
-881.661,386.645,10.649
-883.828,388.922,8.998
-886.338,391.364,8.805
-888.835,393.796,8.741
-891.306,396.343,8.767
-893.802,398.779,8.788
-896.283,401.340,8.755
-898.788,403.787,8.716
-901.114,406.082,9.618
-903.296,408.390,11.189
-905.565,410.638,12.756
-907.790,412.850,13.124
-910.024,415.071,11.532
-912.283,417.316,10.024
-914.544,419.564,8.792
-916.998,422.122,8.816
-915.369,425.221,8.779
-913.751,428.336,8.733
-912.114,431.437,8.793
-910.451,434.521,8.799
-908.800,437.619,8.795
-907.021,440.752,8.757
-905.290,443.786,8.762
-903.548,446.816,8.766
-901.736,449.931,8.771
-899.972,452.949,8.819
-898.150,455.917,8.725
-896.270,458.980,8.729
-894.418,461.927,8.785
-892.565,464.877,8.735
-890.495,466.291,9.087
-888.262,464.006,10.673
-886.059,461.750,12.236
-883.834,459.619,13.713
-881.602,457.338,12.088
-879.398,455.083,10.458
-877.132,452.914,8.940
-874.687,450.430,8.727
-872.209,447.915,8.770
-869.724,445.395,8.756
-867.325,443.100,9.576
-865.120,440.849,11.170
-862.918,438.601,12.701
-860.644,436.427,13.190
-858.420,434.160,11.619
-856.213,431.910,10.056
-853.896,429.696,8.803
-851.420,427.189,8.761
-848.936,424.677,8.767
-846.433,422.147,8.728
-843.985,419.671,8.768
-841.445,417.245,8.712
-838.935,414.711,8.713
-836.728,412.467,10.202
-834.519,410.222,11.790
-832.293,407.962,13.365
-830.042,405.815,14.930
-827.801,403.542,16.529
-825.592,401.300,18.118
-823.364,399.041,17.795
-821.105,396.887,16.229
-818.867,394.620,14.644
-816.673,392.395,13.094
-814.467,390.160,11.514
-812.189,387.989,9.941
-809.911,385.687,8.755
-807.430,383.191,8.754
-804.930,380.680,8.749
-802.422,378.161,8.705
-799.952,375.680,8.779
-797.495,373.212,8.803
-794.988,370.697,8.750
-792.755,368.444,10.295
-790.479,366.279,11.876
-788.263,364.043,13.492
-786.058,361.819,12.453
-783.851,359.593,10.944
-781.604,357.331,9.279
-779.181,354.902,8.709
-776.724,352.441,8.754
-774.252,349.968,8.793
-771.733,347.450,8.759
-769.243,344.963,8.757
-766.740,342.462,8.751
-764.340,340.061,9.347
-762.166,337.875,10.993
-759.901,335.604,12.520
-757.694,333.388,14.117
-755.431,331.120,15.664
-753.247,328.929,17.270
-750.993,326.671,18.691
-748.719,324.515,17.121
-746.512,322.303,15.517
-744.292,320.080,13.921
-742.071,317.857,12.409
-739.791,315.579,10.763
-737.624,313.409,9.262
-735.190,310.869,8.729
-732.746,308.439,8.792
-730.257,305.967,8.787
-727.757,303.485,8.776
-725.224,300.974,8.772
-722.749,298.518,8.788
-720.366,296.151,9.463
-718.093,293.887,11.017
-715.902,291.590,12.591
-713.709,289.405,13.315
-711.462,287.170,11.769
-709.261,284.978,10.185
-706.960,282.694,8.746
-704.497,280.257,8.781
-701.941,277.733,8.716
-699.499,275.209,8.741
-696.985,272.727,8.772
-694.496,270.271,8.762
-692.040,267.738,8.747
-689.764,265.484,10.106
-687.515,263.257,11.692
-685.286,261.049,13.306
-683.057,258.842,14.828
-680.851,256.552,16.411
-678.623,254.349,18.021
-676.367,252.120,17.939
-674.127,249.906,16.346
-671.944,247.643,14.804
-669.671,245.400,13.163
-667.448,243.207,11.629
-665.271,240.954,10.080
-663.002,238.718,8.787
-660.463,236.230,8.775
-657.976,233.690,8.749
-655.471,231.237,8.759
-652.996,228.711,8.765
-650.526,226.293,8.796
-648.022,223.744,8.729
-645.728,221.493,10.197
-643.556,219.259,11.782
-641.319,217.062,13.360
-639.105,214.792,12.562
-636.841,212.573,11.006
-634.606,210.383,9.430
-632.252,207.985,8.738
-629.762,205.462,8.777
-627.238,203.004,8.742
-624.772,200.507,8.741
-622.298,198.005,8.735
-619.796,195.571,8.782
-617.286,193.039,8.776
-614.791,190.521,8.754
-612.319,188.028,8.767
-609.920,185.696,9.543
-607.729,183.468,11.086
-605.522,181.226,12.679
-603.273,179.038,13.237
-601.022,176.759,11.659
-598.834,174.539,10.102
-596.559,172.331,8.768
-594.068,169.833,8.779
-591.571,167.330,8.784
-589.237,164.983,9.664
-587.001,162.727,11.215
-584.769,160.478,12.801
-582.511,158.205,13.113
-580.323,156.085,11.587
-578.069,153.820,10.000
-575.783,151.527,8.726
-573.399,149.144,9.383
-571.175,146.911,10.941
-568.934,144.664,12.541
-566.736,142.460,13.427
-564.495,140.217,11.822
-562.258,137.979,10.279
-560.012,135.734,8.747
-557.547,133.289,8.772
-554.988,130.759,8.724
-552.539,128.252,8.737
-550.036,125.777,8.752
-547.526,123.299,8.762
-545.080,120.802,8.742
-542.559,118.317,8.738
-540.093,115.807,8.763
-537.616,113.367,8.772
-535.303,111.080,10.246
-533.122,108.840,11.855
-530.909,106.649,13.442
-528.637,104.406,12.520
-526.441,102.159,10.911
-524.202,99.950,9.369
-521.827,97.543,8.772
-519.323,95.094,8.774
-516.838,92.591,8.770
-514.348,90.086,8.758
-511.852,87.579,8.739
-509.342,85.062,8.767
-506.967,82.671,9.359
-504.696,80.449,10.901
-502.508,78.234,12.488
-500.292,75.996,14.062
-498.037,73.795,15.665
-495.785,71.529,17.203
-493.604,69.330,18.734
-491.385,67.099,17.157
-489.124,64.833,15.558
-486.932,62.631,13.988
-484.690,60.454,12.437
-482.413,58.180,10.827
-480.218,55.984,9.284
-477.847,53.563,8.776
-475.316,51.066,8.770
-472.822,48.541,8.746
-470.338,46.094,8.746
-467.882,43.610,8.775
-465.329,41.043,8.745
-462.964,38.712,9.415
-460.721,36.432,10.995
-458.543,34.276,12.599
-456.259,32.027,13.359
-454.074,29.808,11.770
-451.836,27.545,10.207
-449.612,25.358,8.768
-447.073,22.831,8.739
-444.594,20.302,8.767
-442.103,17.825,8.740
-439.599,15.341,8.748
-437.148,12.907,8.767
-434.629,10.359,8.763
-432.374,8.110,10.079
-430.138,5.880,11.642
-427.885,3.639,13.220
-425.675,1.384,14.802
-423.421,-0.851,16.366
-421.229,-3.027,17.955
-419.010,-5.279,17.979
-416.766,-7.494,16.419
-414.537,-9.747,14.831
-412.285,-11.962,13.256
-410.084,-14.182,11.685
-407.839,-16.437,10.097
-405.575,-18.704,8.747
-403.053,-21.195,8.745
-400.633,-23.642,8.771
-398.115,-26.171,8.744
-395.572,-28.666,8.743
-393.117,-31.128,8.740
-390.627,-33.616,8.771
-388.358,-35.904,10.160
-386.153,-38.131,11.755
-383.929,-40.321,13.318
-381.687,-42.571,12.614
-379.433,-44.826,11.028
-377.251,-47.013,9.466
-374.873,-49.412,8.753
-372.402,-51.887,8.772
-369.891,-54.389,8.761
-367.389,-56.877,8.760
-364.883,-59.363,8.744
-362.431,-61.839,8.765
-359.893,-64.381,8.761
-357.410,-66.869,8.760
-354.923,-69.354,8.744
-352.422,-71.843,8.744
-349.954,-74.296,8.756
-347.442,-76.820,8.754
-344.963,-79.308,8.763
-342.480,-81.792,8.755
-339.983,-84.279,8.761
-337.685,-86.588,10.016
-335.447,-88.802,11.590
-333.232,-91.027,13.185
-331.035,-93.229,12.764
-328.761,-95.489,11.178
-326.551,-97.725,9.597
-324.181,-100.087,8.754
-321.708,-102.563,8.766
-319.231,-105.033,8.758
-316.725,-107.553,8.811
-314.536,-109.728,10.396
-312.294,-111.973,11.960
-310.044,-114.217,13.526
-307.822,-116.428,12.397
-305.558,-118.698,10.807
-303.366,-120.900,9.241
-300.936,-123.320,8.752
-298.668,-125.596,9.974
-296.411,-127.852,11.553
-294.215,-130.048,13.125
-291.948,-132.323,12.795
-289.773,-134.482,11.229
-287.528,-136.746,9.653
-285.473,-137.330,8.765
-283.745,-134.286,8.750
-282.129,-131.142,8.759
-280.518,-128.015,8.754
-278.978,-124.811,8.770
-277.385,-121.702,8.755
-275.858,-118.511,8.761
-274.289,-115.373,8.750
-272.850,-112.139,8.762
-271.365,-108.955,8.757
-269.929,-105.717,8.766
-268.514,-102.513,8.760
-267.100,-99.270,8.759
-265.743,-96.010,8.755
-265.453,-92.953,9.683
-266.244,-89.994,11.495
-266.983,-87.126,13.294
-268.844,-84.717,12.567
-271.114,-82.419,11.009
-273.306,-80.239,9.427
-275.712,-77.841,8.770
-278.180,-75.386,8.754
-280.676,-72.880,8.756
-283.175,-70.389,8.746
-285.662,-67.896,8.751
-287.994,-65.574,9.553
-290.258,-63.275,11.133
-292.483,-61.078,12.704
-294.701,-58.862,14.285
-296.921,-56.618,15.851
-299.151,-54.414,17.426
-301.378,-52.186,18.490
-303.628,-49.942,16.931
-305.861,-47.689,15.351
-308.077,-45.467,13.776
-310.335,-43.206,12.202
-312.547,-41.012,10.630
-314.758,-38.784,9.030
-317.183,-36.355,8.751
-319.676,-33.903,8.752
-322.213,-31.318,8.767
-324.679,-28.877,8.765
-327.139,-26.407,8.740
-329.658,-23.880,8.761
-332.012,-21.558,9.665
-334.215,-19.330,11.222
-336.469,-17.098,12.791
-338.663,-14.897,13.124
-340.903,-12.649,11.552
-343.155,-10.396,9.982
-345.429,-8.124,8.755
-347.906,-5.673,8.751
-350.434,-3.120,8.770
-352.916,-0.632,8.752
-355.392,1.843,8.751
-357.904,4.349,8.763
-360.379,6.804,8.763
-362.881,9.337,8.742
-365.405,11.832,8.765
-367.835,14.263,8.739
-370.329,16.763,8.741
-372.836,19.270,8.755
-375.316,21.737,8.738
-377.854,24.321,8.778
-380.329,26.769,8.770
-382.652,29.091,9.582
-384.922,31.348,11.167
-387.120,33.574,12.746
-389.332,35.754,13.182
-391.599,38.049,11.619
-393.804,40.269,10.044
-396.111,42.540,8.762
-398.545,45.011,8.732
-401.042,47.486,8.750
-403.559,49.979,8.745
-405.891,52.316,9.884
-408.067,54.536,11.429
-410.322,56.777,13.038
-412.565,58.999,12.896
-414.811,61.285,11.350
-417.004,63.442,9.766
-419.362,65.782,8.754
-421.806,68.279,8.761
-424.312,70.775,8.744
-426.809,73.256,8.761
-429.307,75.731,8.768
-431.782,78.245,8.764
-434.279,80.710,8.749
-436.785,83.249,8.756
-439.274,85.695,8.768
-441.705,88.141,9.177
-443.929,90.351,10.761
-446.114,92.585,12.321
-448.368,94.821,13.601
-450.627,97.059,12.016
-452.799,99.268,10.433
-455.054,101.495,8.884
-457.511,103.942,8.738
-460.044,106.471,8.775
-462.513,108.924,8.741
-465.018,111.488,8.760
-467.239,113.656,10.225
-469.482,115.923,11.814
-471.709,118.168,13.375
-473.933,120.407,12.516
-476.181,122.593,10.969
-478.399,124.819,9.399
-480.794,127.237,8.738
-483.258,129.731,8.759
-485.788,132.213,8.754
-488.249,134.696,8.759
-490.747,137.216,8.738
-493.262,139.672,8.762
-495.768,142.193,8.769
-498.251,144.687,8.778
-500.720,147.162,8.736
-503.179,149.622,8.742
-505.705,152.154,8.753
-508.158,154.603,8.745
-510.680,157.123,8.742
-513.178,159.615,8.743
-515.575,161.992,9.426
-517.774,164.234,11.000
-520.036,166.458,12.562
-522.217,168.676,13.360
-524.486,170.902,11.818
-526.707,173.161,10.207
-528.981,175.387,8.778
-531.437,177.898,8.775
-533.942,180.371,8.755
-536.410,182.891,8.728
-538.900,185.342,8.755
-541.425,187.828,8.752
-543.912,190.362,8.742
-546.134,192.604,10.023
-548.378,194.867,11.639
-550.638,197.054,13.214
-552.857,199.286,14.800
-555.078,201.519,16.333
-557.321,203.775,17.915
-559.527,205.987,18.028
-561.760,208.227,16.434
-563.969,210.439,14.832
-566.232,212.708,13.292
-568.442,214.917,11.706
-570.674,217.150,10.139
-572.943,219.419,8.762
-575.437,221.931,8.750
-577.975,224.391,8.789
-580.440,226.866,8.777
-582.920,229.356,8.748
-585.424,231.870,8.753
-587.886,234.337,8.780
-590.148,236.585,10.126
-592.406,238.827,11.725
-594.629,241.028,13.294
-596.824,243.301,12.622
-599.064,245.517,11.057
-601.298,247.726,9.475
-603.683,250.096,8.753
-606.173,252.577,8.752
-608.664,255.162,8.776
-611.122,257.605,8.775
-613.631,260.100,8.728
-616.125,262.579,8.747
-618.564,264.995,9.194
-620.758,267.252,10.791
-622.973,269.424,12.336
-625.248,271.658,13.909
-627.452,273.923,15.503
-629.690,276.114,17.106
-631.913,278.396,18.687
-634.159,280.593,17.243
-636.366,282.855,15.709
-638.628,285.067,14.149
-640.810,287.300,12.518
-643.066,289.501,10.978
-645.271,291.757,9.422
-647.647,294.083,8.732
-650.190,296.587,8.766
-652.635,299.097,8.764
-655.132,301.548,8.733
-657.655,304.138,8.786
-660.138,306.570,8.745
-662.521,309.008,9.317
-664.771,311.188,10.905
-666.956,313.411,12.433
-669.189,315.685,13.508
-671.465,317.887,11.894
-673.678,320.137,10.344
-675.884,322.379,8.780
-678.414,324.848,8.744
-680.900,327.387,8.774
-683.394,329.814,8.739
-685.887,332.358,8.804
-688.409,334.811,8.794
-690.853,337.300,8.790
-693.352,339.847,8.805
-695.860,342.279,8.754
-698.321,344.782,8.770
-700.572,347.062,10.202
-702.822,349.214,11.764
-705.024,351.438,13.305
-707.258,353.694,12.602
-709.514,355.974,11.034
-711.697,358.175,9.426
-714.126,360.512,8.766
-716.525,362.940,9.025
-718.764,365.197,10.639
-721.003,367.453,12.231
-723.194,369.658,13.708
-725.441,371.920,12.170
-727.667,374.159,10.541
-729.917,376.424,9.021
-732.373,378.777,8.778
-734.887,381.319,8.783
-737.125,383.567,10.042
-739.367,385.819,11.611
-741.596,388.055,13.188
-743.826,390.292,12.728
-746.046,392.517,11.167
-748.255,394.730,9.593
-750.634,397.121,8.789
-753.098,399.603,8.746
-755.645,402.037,8.735
-758.123,404.531,8.719
-760.609,407.032,8.748
-763.081,409.517,8.772
-765.567,412.016,8.748
-768.060,414.521,8.767
-770.526,416.996,8.699
-772.950,419.426,9.359
-775.145,421.613,10.881
-777.404,423.867,12.488
-779.640,426.095,13.443
-781.839,428.284,11.814
-784.104,430.541,10.250
-786.355,432.783,8.733
-788.831,435.261,8.773
-791.318,437.749,8.762
-793.793,440.226,8.710
-796.302,442.735,8.779
-798.819,445.253,8.798
-801.285,447.716,8.734
-803.572,449.989,9.980
-805.794,452.192,11.536
-808.055,454.434,13.129
-810.252,456.754,14.778
-812.446,458.926,16.266
-814.726,461.186,17.920
-816.921,463.357,18.006
-819.158,465.570,16.447
-821.414,467.803,14.915
-823.595,470.104,13.332
-825.837,472.320,11.788
-828.084,474.542,10.180
-830.337,476.768,8.766
-832.835,479.253,8.745
-835.360,481.764,8.813
-837.815,484.200,8.701
-840.298,486.815,8.802
-842.772,489.270,8.722
-845.267,491.747,8.732
-847.550,493.998,10.094
-849.820,496.236,11.712
-852.064,498.445,13.293
-854.211,500.704,12.715
-856.460,502.917,11.163
-858.706,505.126,9.545
-861.088,507.476,8.720
-859.497,510.140,8.728
-857.226,512.863,8.724
-854.892,515.520,8.730
-852.570,518.190,8.726
-850.238,520.851,8.763
-847.865,523.468,8.757
-845.484,526.076,8.751
-843.061,528.638,8.744
-840.630,531.191,8.736
-838.157,533.697,8.728
-835.677,536.194,8.719
-833.168,538.658,8.763
-830.639,541.098,8.753
-828.101,543.526,8.784
-825.722,542.888,9.749
-823.495,540.637,11.360
-821.279,538.397,12.958
-819.073,536.167,13.013
-816.781,533.995,11.432
-814.564,531.748,9.857
-812.301,529.444,8.797
-809.753,526.967,8.794
-807.302,524.442,8.777
-804.792,522.004,8.795
-802.308,519.436,8.779
-799.791,516.983,8.749
-797.366,514.478,8.808
-794.823,511.989,8.780
-792.315,509.538,8.739
-789.867,506.999,8.745
-787.368,504.552,8.786
-784.853,502.083,8.784
-782.601,499.765,10.160
-780.393,497.496,11.767
-778.131,495.315,13.311
-775.934,493.055,14.894
-773.696,490.895,16.503
-771.477,488.605,18.022
-769.200,486.395,17.850
-767.018,484.143,16.324
-764.762,481.953,14.769
-762.578,479.695,13.172
-760.315,477.490,11.582
-758.116,475.210,10.048
-755.823,472.965,8.712
-753.296,470.442,8.726
-750.848,468.009,8.801
-748.355,465.521,8.797
-745.817,462.976,8.717
-743.353,460.514,8.792
-740.863,458.019,8.779
-738.603,455.791,10.292
-736.388,453.615,11.879
-734.205,451.327,13.464
-731.957,449.106,12.557
-729.697,446.867,10.921
-727.443,444.632,9.340
-725.080,442.266,8.748
-722.572,439.724,8.723
-720.130,437.258,8.766
-717.638,434.729,8.768
-715.085,432.265,8.734
-712.638,429.782,8.721
-710.254,427.370,9.357
-708.027,425.143,10.902
-705.772,422.879,12.445
-703.549,420.649,14.009
-701.367,418.467,15.673
-699.091,416.306,17.256
-696.853,414.049,18.748
-694.601,411.773,17.131
-692.378,409.528,15.558
-690.184,407.316,14.028
-687.969,405.075,12.430
-685.689,402.888,10.839
-683.476,400.643,9.303
-681.106,398.208,8.793
-678.605,395.745,8.747
-676.088,393.258,8.783
-673.593,390.794,8.774
-671.144,388.248,8.761
-668.633,385.756,8.743
-666.223,383.381,9.380
-664.045,381.151,10.968
-661.790,378.954,12.552
-659.558,376.653,13.340
-657.339,374.493,11.817
-655.078,372.278,10.187
-652.868,369.993,8.773
-650.380,367.497,8.773
-647.886,364.988,8.769
-645.366,362.569,8.724
-642.883,360.064,8.754
-640.393,357.547,8.779
-637.928,355.055,8.763
-635.634,352.766,10.085
-633.378,350.521,11.612
-631.171,348.329,13.222
-628.958,346.127,14.817
-626.710,343.879,16.340
-624.491,341.662,17.956
-622.266,339.433,17.991
-620.052,337.214,16.452
-617.802,334.946,14.866
-615.595,332.728,13.245
-613.373,330.487,11.709
-611.105,328.305,10.107
-608.855,326.020,8.739
-606.347,323.534,8.789
-603.843,321.047,8.759
-601.406,318.519,8.766
-598.875,315.987,8.738
-596.383,313.498,8.735
-593.930,311.053,8.757
-591.632,308.792,10.175
-589.416,306.628,11.760
-587.223,304.372,13.340
-584.950,302.128,12.615
-582.739,299.842,11.048
-580.511,297.644,9.460
-578.152,295.278,8.759
-575.654,292.846,8.782
-573.168,290.310,8.752
-570.645,287.835,8.775
-568.153,285.279,8.734
-565.669,282.838,8.774
-563.172,280.374,8.751
-560.725,277.858,8.779
-558.204,275.351,8.757
-555.829,273.020,9.461
-553.606,270.767,11.028
-551.372,268.494,12.643
-549.144,266.331,13.299
-546.913,264.052,11.709
-544.663,261.849,10.167
-542.434,259.562,8.766
-539.928,257.128,8.768
-537.416,254.573,8.738
-535.032,252.175,9.075
-532.758,249.911,10.647
-530.526,247.693,12.226
-528.300,245.476,13.721
-526.074,243.254,12.162
-523.852,241.030,10.551
-521.618,238.785,9.013
-519.285,236.406,9.309
-517.033,234.225,10.916
-514.834,232.006,12.492
-512.624,229.766,13.496
-510.342,227.526,11.904
-508.156,225.304,10.338
-505.902,223.086,8.744
-503.399,220.539,8.753
-500.876,218.055,8.743
-498.418,215.549,8.762
-495.940,213.106,8.762
-493.428,210.608,8.778
-490.905,208.088,8.741
-488.438,205.631,8.767
-485.961,203.152,8.740
-483.477,200.654,8.763
-481.222,198.353,10.216
-478.978,196.153,11.775
-476.805,193.944,13.392
-474.545,191.706,12.567
-472.322,189.508,11.010
-470.069,187.262,9.432
-467.723,184.885,8.771
-465.239,182.406,8.773
-462.711,179.857,8.744
-460.212,177.336,8.741
-457.711,174.890,8.760
-455.260,172.412,8.764
-452.836,169.958,9.280
-450.630,167.786,10.869
-448.405,165.581,12.446
-446.118,163.281,13.988
-443.930,161.105,15.590
-441.697,158.859,17.145
-439.500,156.652,18.748
-437.211,154.395,17.201
-435.003,152.153,15.637
-432.771,149.953,14.035
-430.561,147.687,12.495
-428.327,145.463,10.918
-426.100,143.237,9.306
-423.720,140.871,8.749
-421.193,138.373,8.778
-418.751,135.895,8.771
-416.222,133.364,8.744
-413.734,130.876,8.775
-411.258,128.389,8.749
-408.846,125.976,9.378
-406.611,123.798,10.945
-404.398,121.558,12.530
-402.128,119.304,13.386
-399.950,117.089,11.841
-397.709,114.850,10.244
-395.499,112.640,8.767
-392.974,110.121,8.764
-390.498,107.656,8.768
-387.994,105.132,8.771
-385.505,102.686,8.752
-382.995,100.119,8.743
-380.522,97.658,8.771
-378.259,95.411,10.023
-376.023,93.187,11.599
-373.773,90.926,13.155
-371.562,88.706,14.739
-369.323,86.500,16.330
-367.110,84.245,17.889
-364.872,82.006,18.060
-362.621,79.801,16.460
-360.422,77.586,14.904
-358.177,75.353,13.330
-355.942,73.116,11.731
-353.693,70.841,10.157
-351.459,68.635,8.752
-348.960,66.077,8.742
-346.481,63.658,8.757
-343.973,61.103,8.751
-341.507,58.652,8.770
-338.988,56.158,8.753
-336.527,53.661,8.750
-334.260,51.437,10.115
-332.046,49.210,11.699
-329.787,46.952,13.268
-327.561,44.721,12.675
-325.348,42.486,11.098
-323.122,40.268,9.534
-320.742,37.903,8.763
-318.265,35.412,8.755
-315.777,32.931,8.759
-313.254,30.417,8.743
-310.755,27.907,8.747
-308.272,25.445,8.766
-305.795,22.956,8.744
-303.305,20.464,8.758
-300.815,17.989,8.748
-298.411,15.562,9.427
-296.203,13.370,11.002
-293.984,11.123,12.570
-291.765,8.954,13.364
-289.511,6.686,11.777
-287.283,4.425,10.189
-285.037,2.203,8.749
-282.743,-0.092,9.976
-280.537,-2.275,11.552
-278.309,-4.541,13.125
-276.056,-6.790,12.822
-273.848,-9.005,11.244
-271.599,-11.239,9.670
-269.318,-13.531,9.016
-267.075,-15.755,10.598
-264.866,-17.969,12.174
-262.595,-20.255,13.740
-260.402,-22.451,15.325
-258.178,-24.667,16.904
-255.956,-26.890,18.471
-253.453,-28.086,16.938
-250.875,-29.097,14.716
-248.308,-30.096,12.495
-245.774,-31.042,10.271
-243.755,-30.632,8.769
-242.866,-27.234,8.756
-242.022,-23.843,8.754
-241.236,-20.375,8.762
-240.465,-16.930,8.748
-239.707,-13.516,8.761
-238.981,-10.027,8.767
-238.299,-6.552,8.763
-237.608,-3.111,8.769
-236.958,0.302,8.755
-236.349,3.814,8.768
-235.784,7.302,8.760
-235.215,10.756,8.758
-234.664,14.239,8.763
-234.187,17.772,8.760
-234.477,20.895,9.259
-236.559,23.200,10.861
-238.633,25.512,12.461
-240.734,27.869,14.063
-242.820,30.222,15.686
-244.926,32.605,17.302
-247.033,34.887,18.631
-249.249,37.152,17.042
-251.459,39.296,15.458
-253.693,41.555,13.883
-255.936,43.820,12.320
-258.160,46.016,10.723
-260.378,48.261,9.154
-262.819,50.688,8.745
-265.290,53.167,8.753
-267.811,55.673,8.761
-270.295,58.145,8.769
-272.768,60.652,8.749
-275.254,63.102,8.745
-277.621,65.495,9.532
-279.857,67.741,11.120
-282.071,69.949,12.690
-284.324,72.184,13.246
-286.529,74.406,11.666
-288.765,76.640,10.102
-291.059,78.947,8.763
-293.530,81.427,8.769
-296.042,83.932,8.760
-298.529,86.396,8.756
-301.021,88.889,8.752
-303.506,91.386,8.762
-306.011,93.866,8.753
-308.483,96.380,8.759
-311.006,98.863,8.769
-313.479,101.351,8.751
-315.984,103.854,8.762
-318.463,106.332,8.744
-320.935,108.831,8.770
-323.429,111.326,8.742
-325.930,113.784,8.773
-328.191,116.062,10.003
-330.440,118.278,11.579
-332.663,120.494,13.142
-334.888,122.762,12.783
-337.127,125.025,11.205
-339.342,127.207,9.642
-341.705,129.551,8.773
-344.161,132.034,8.746
-346.703,134.554,8.749
-349.159,137.049,8.763
-351.488,139.360,9.755
-353.744,141.592,11.329
-355.940,143.774,12.898
-358.220,146.081,13.054
-360.414,148.293,11.457
-362.609,150.479,9.873
-364.959,152.831,8.772
-367.423,155.265,8.747
-369.913,157.805,8.762
-372.429,160.270,8.777
-374.932,162.769,8.736
-377.401,165.272,8.774
-379.885,167.774,8.756
-382.373,170.252,8.773
-384.861,172.703,8.745
-387.330,175.187,9.090
-389.543,177.392,10.646
-391.783,179.623,12.247
-393.975,181.845,13.696
-396.238,184.073,12.145
-398.449,186.286,10.545
-400.711,188.567,8.974
-403.134,191.001,8.741
-405.618,193.513,8.744
-408.143,195.972,8.737
-410.563,198.428,9.076
-412.800,200.659,10.635
-415.040,202.876,12.205
-417.268,205.156,13.724
-419.472,207.377,12.152
-421.729,209.569,10.542
-423.948,211.779,8.960
-426.404,214.258,8.748
-428.894,216.772,8.753
-431.360,219.225,8.769
-433.861,221.716,8.757
-436.368,224.195,8.737
-438.836,226.695,8.764
-441.339,229.234,8.762
-443.816,231.711,8.773
-446.289,234.163,8.733
-448.815,236.681,8.751
-451.330,239.163,8.774
-453.826,241.702,8.778
-456.270,244.143,8.763
-458.798,246.698,8.788
-461.189,249.023,9.282
-463.433,251.319,10.897
-465.627,253.525,12.454
-467.868,255.682,13.476
-470.117,257.948,11.915
-472.351,260.177,10.346
-474.545,262.442,8.756
-477.041,264.934,8.741
-479.532,267.404,8.780
-482.032,269.873,8.751
-484.517,272.416,8.752
-487.016,274.852,8.772
-489.505,277.371,8.760
-491.810,279.712,9.945
-494.016,281.893,11.501
-496.261,284.122,13.094
-498.521,286.360,14.686
-500.710,288.597,16.248
-502.957,290.795,17.809
-505.151,293.017,18.101
-507.388,295.294,16.539
-509.652,297.484,14.970
-511.872,299.713,13.382
-514.084,301.921,11.840
-516.325,304.163,10.252
-518.583,306.418,8.750
-521.015,308.919,8.763
-523.524,311.401,8.742
-526.056,313.905,8.754
-528.529,316.430,8.776
-531.022,318.852,8.750
-533.509,321.373,8.744
-535.761,323.666,10.036
-538.030,325.851,11.612
-540.248,328.077,13.198
-542.482,330.315,12.764
-544.723,332.555,11.175
-546.971,334.796,9.628
-549.282,337.119,8.754
-551.779,339.698,8.777
-554.266,342.128,8.777
-556.720,344.625,8.761
-559.245,347.087,8.780
-561.709,349.579,8.733
-564.163,352.046,9.096
-566.381,354.297,10.636
-568.638,356.467,12.260
-570.887,358.746,13.849
-573.065,360.918,15.366
-575.305,363.168,16.974
-577.553,365.423,18.570
-579.790,367.653,17.370
-581.992,369.828,15.781
-584.230,372.046,14.205
-586.453,374.366,12.644
-588.678,376.550,11.113
-590.929,378.764,9.531
-593.284,381.113,8.773
-595.777,383.647,8.734
-598.260,386.158,8.768
-600.756,388.679,8.786
-603.275,391.089,8.743
-605.787,393.613,8.795
-608.165,396.081,9.208
-610.423,398.240,10.744
-612.630,400.459,12.356
-614.869,402.715,13.574
-617.076,404.920,12.050
-619.307,407.153,10.473
-621.534,409.373,8.882
-623.967,411.868,8.723
-626.493,414.342,8.745
-628.968,416.880,8.735
-631.494,419.340,8.721
-633.951,421.838,8.786
-636.495,424.306,8.724
-638.970,426.812,8.741
-641.438,429.303,8.753
-643.928,431.816,8.722
-646.218,434.053,10.081
-648.411,436.295,11.628
-650.681,438.493,13.245
-652.876,440.726,12.679
-655.125,443.027,11.155
-657.381,445.188,9.566
-659.714,447.590,8.755
-662.117,449.935,9.435
-664.325,452.158,11.074
-666.558,454.409,12.593
-668.794,456.660,13.348
-671.017,458.888,11.791
-673.223,461.087,10.142
-675.483,463.354,8.787
-678.026,465.842,8.785
-680.482,468.357,8.791
-682.750,470.618,9.926
-684.990,472.835,11.506
-687.245,475.067,13.051
-689.402,477.316,12.817
-691.667,479.551,11.263
-693.905,481.746,9.707
-696.279,484.114,8.789
-698.736,486.587,8.782
-701.237,489.111,8.797
-703.699,491.578,8.737
-706.204,494.095,8.758
-708.679,496.569,8.725
-711.178,499.067,8.786
-713.673,501.554,8.749
-716.174,504.043,8.755
-718.600,506.428,9.281
-720.806,508.679,10.805
-723.016,510.930,12.386
-725.292,513.105,13.537
-727.501,515.347,11.965
-729.716,517.591,10.429
-731.943,519.848,8.834
-734.418,522.262,8.727
-736.896,524.835,8.744
-739.408,527.286,8.767
-741.928,529.742,8.738
-744.381,532.266,8.755
-746.923,534.740,8.769
-749.221,537.055,9.872
-751.449,539.276,11.426
-753.674,541.489,13.038
-755.904,543.704,14.607
-758.083,546.015,16.183
-760.312,548.221,17.765
-762.561,550.449,18.177
-764.821,552.686,16.625
-767.050,554.881,15.033
-769.193,557.127,13.427
-771.454,559.354,11.889
-773.733,561.600,10.341
-775.947,563.760,8.709
-778.455,566.289,8.713
-780.933,568.777,8.776
-783.427,571.281,8.731
-785.940,573.803,8.774
-786.199,576.009,8.783
-783.227,577.845,8.755
-780.145,579.703,8.726
-777.110,581.442,8.747
-774.036,583.122,8.767
-770.945,584.769,8.732
-767.826,586.371,8.789
-764.568,587.952,8.761
-761.376,589.435,8.773
-758.166,590.884,8.730
-754.973,592.167,8.737
-751.672,593.465,8.701
-748.374,594.754,8.796
-745.028,595.964,8.796
-741.710,597.020,8.701
-738.603,597.107,8.729
-736.135,594.688,8.785
-733.603,592.171,8.767
-731.103,589.692,8.735
-728.628,587.241,8.789
-726.109,584.720,8.760
-723.624,582.239,8.717
-721.389,579.934,10.152
-719.132,577.766,11.680
-716.929,575.492,13.296
-714.658,573.291,12.688
-712.481,571.045,11.082
-710.217,568.842,9.481
-707.840,566.469,8.774
-705.394,563.991,8.792
-702.908,561.448,8.731
-700.354,558.970,8.716
-697.889,556.441,8.734
-695.373,554.002,8.786
-692.912,551.463,8.713
-690.411,549.028,8.759
-687.941,546.462,8.727
-685.557,544.181,9.485
-683.306,541.917,11.001
-681.096,539.705,12.591
-678.862,537.454,13.307
-676.650,535.226,11.782
-674.434,532.986,10.169
-672.193,530.704,8.750
-669.708,528.221,8.778
-667.163,525.808,8.790
-664.667,523.292,8.777
-662.179,520.779,8.748
-659.700,518.270,8.762
-657.237,515.776,8.728
-654.920,513.490,10.056
-652.693,511.328,11.629
-650.517,509.074,13.279
-648.245,506.830,14.848
-645.991,504.606,16.361
-643.840,502.365,17.973
-641.572,500.106,17.922
-639.363,497.925,16.407
-637.102,495.659,14.787
-634.868,493.426,13.210
-632.661,491.225,11.675
-630.437,488.991,10.072
-628.186,486.707,8.739
-625.695,484.211,8.753
-623.171,481.812,8.797
-620.645,479.241,8.739
-618.199,476.783,8.733
-615.707,474.244,8.775
-613.209,471.840,8.805
-611.000,469.557,10.198
-608.706,467.289,11.732
-606.468,465.098,13.345
-604.285,462.830,12.577
-602.036,460.603,11.007
-599.790,458.374,9.419
-597.437,455.970,8.734
-594.957,453.511,8.736
-592.458,451.012,8.746
-589.992,448.551,8.784
-587.497,446.035,8.759
-584.941,443.561,8.730
-582.529,441.150,9.227
-580.318,438.893,10.798
-578.140,436.677,12.385
-575.886,434.481,13.968
-573.687,432.214,15.536
-571.413,429.965,17.100
-569.171,427.759,18.680
-566.953,425.577,17.239
-564.750,423.263,15.630
-562.538,421.072,14.049
-560.306,418.839,12.489
-558.072,416.590,10.937
-555.804,414.424,9.360
-553.403,412.031,8.780
-550.929,409.508,8.768
-548.490,407.028,8.781
-545.971,404.549,8.739
-543.460,402.070,8.754
-540.950,399.576,8.765
-538.601,397.188,9.378
-536.371,394.979,10.960
-534.104,392.698,12.495
-531.877,390.472,13.447
-529.648,388.229,11.833
-527.440,386.010,10.277
-525.216,383.750,8.743
-522.689,381.257,8.737
-520.214,378.835,8.742
-517.750,376.276,8.785
-515.278,373.826,8.779
-512.792,371.337,8.779
-510.256,368.885,8.775
-507.759,366.343,8.777
-505.278,363.812,8.762
-502.770,361.354,8.781
-500.551,359.096,10.270
-498.312,356.926,11.838
-496.094,354.643,13.413
-493.846,352.429,12.565
-491.585,350.177,10.940
-489.368,347.985,9.407
-487.044,345.595,8.782
-484.518,343.106,8.743
-482.005,340.619,8.753
-479.618,338.201,9.277
-477.427,335.972,10.894
-475.168,333.742,12.453
-472.934,331.539,13.501
-470.684,329.292,11.921
-468.462,327.077,10.324
-466.241,324.847,8.739
-463.993,322.553,10.081
-461.725,320.335,11.670
-459.533,318.106,13.214
-457.275,315.871,12.711
-455.064,313.700,11.150
-452.856,311.390,9.527
-450.490,309.032,8.764
-448.020,306.592,8.787
-445.512,304.059,8.731
-442.994,301.611,8.753
-440.527,299.105,8.768
-438.035,296.655,8.764
-435.536,294.167,8.765
-433.029,291.638,8.772
-430.542,289.123,8.759
-428.142,286.743,9.420
-425.965,284.512,10.967
-423.716,282.248,12.572
-421.458,280.068,13.396
-419.253,277.842,11.798
-417.058,275.616,10.256
-414.798,273.364,8.751
-412.294,270.862,8.777
-409.804,268.358,8.738
-407.310,265.936,8.770
-404.809,263.352,8.742
-402.332,260.903,8.757
-399.830,258.373,8.743
-397.563,256.161,10.065
-395.341,253.891,11.621
-393.093,251.661,13.194
-390.871,249.458,14.777
-388.629,247.188,16.353
-386.407,244.930,17.901
-384.199,242.791,18.038
-381.940,240.521,16.457
-379.727,238.314,14.858
-377.494,236.038,13.288
-375.254,233.835,11.713
-373.021,231.616,10.151
-370.779,229.346,8.750
-368.287,226.864,8.743
-365.802,224.356,8.776
-363.298,221.881,8.749
-360.801,219.380,8.762
-358.316,216.865,8.764
-355.841,214.440,8.775
-353.557,212.168,10.133
-351.350,209.912,11.704
-349.111,207.664,13.295
-346.868,205.482,12.639
-344.656,203.220,11.088
-342.423,200.985,9.505
-340.074,198.670,8.765
-337.538,196.104,8.751
-335.067,193.636,8.762
-332.567,191.158,8.774
-330.082,188.665,8.773
-327.581,186.189,8.761
-325.166,183.752,9.204
-322.943,181.504,10.780
-320.718,179.315,12.356
-318.471,177.025,13.925
-316.241,174.836,15.508
-314.013,172.603,17.071
-311.810,170.383,18.675
-309.585,168.165,17.275
-307.351,165.978,15.719
-305.096,163.685,14.131
-302.888,161.456,12.534
-300.653,159.209,10.964
-298.423,157.027,9.381
-296.065,154.655,8.763
-293.543,152.099,8.752
-291.058,149.673,8.752
-288.566,147.143,8.757
-286.095,144.699,8.761
-283.584,142.163,8.746
-281.178,139.730,9.290
-278.958,137.541,10.861
-276.717,135.318,12.442
-274.497,133.082,13.473
-272.266,130.842,11.906
-270.032,128.619,10.318
-267.819,126.373,8.743
-265.324,123.920,8.748
-262.832,121.362,8.750
-260.346,118.928,8.765
-257.843,116.424,8.744
-255.357,113.962,8.761
-252.862,111.446,8.758
-250.369,108.907,8.746
-247.889,106.506,8.759
-245.385,103.976,8.760
-243.136,101.670,10.196
-240.934,99.531,11.780
-238.676,97.270,13.356
-237.430,95.966,11.320
-236.528,95.066,9.471
-235.633,94.167,12.755
-233.705,93.082,12.135
-231.332,91.975,9.807
-230.333,93.338,8.761
-230.475,96.939,8.768
-230.654,100.367,8.758
-230.849,103.934,8.747
-231.080,107.444,8.748
-231.361,110.957,8.761
-231.658,114.449,8.759
-231.981,117.966,8.769
-232.323,121.461,8.762
-232.693,124.982,8.768
-233.111,128.456,8.758
-233.532,131.979,8.761
-234.002,135.456,8.747
-234.506,138.957,8.746
-235.004,142.446,8.762
-235.567,145.948,8.758
-236.160,149.442,8.758
-236.739,152.878,8.770
-237.367,156.395,8.767
-238.018,159.858,8.763
-238.694,163.267,8.758
-239.415,166.728,8.753
-240.620,169.873,8.762
-243.102,172.380,8.761
-245.586,174.891,8.742
-248.100,177.370,8.742
-250.579,179.867,8.763
-252.962,182.294,9.421
-255.214,184.518,10.993
-257.405,186.696,12.562
-259.631,188.911,14.136
-261.890,191.148,15.734
-264.102,193.413,17.281
-266.317,195.587,18.632
-268.575,197.829,17.058
-270.770,200.049,15.478
-273.009,202.339,13.908
-275.244,204.522,12.329
-277.475,206.760,10.748
-279.687,208.994,9.177
-282.122,211.473,8.770
-284.617,213.905,8.763
-287.099,216.349,8.743
-289.595,218.894,8.756
-292.105,221.394,8.771
-294.587,223.859,8.742
-296.923,226.215,9.499
-299.174,228.518,11.095
-301.402,230.682,12.669
-303.637,232.953,13.284
-305.871,235.151,11.700
-308.086,237.379,10.120
-310.353,239.705,8.778
-312.837,242.172,8.755
-315.344,244.639,8.755
-317.831,247.121,8.744
-320.327,249.558,8.736
-322.832,252.100,8.771
-325.284,254.569,8.742
-327.784,257.110,8.757
-330.275,259.564,8.744
-332.744,262.039,8.817
-334.995,264.295,10.405
-337.252,266.516,11.968
-339.484,268.768,13.581
-341.663,270.981,12.399
-343.921,273.210,10.789
-346.149,275.462,9.244
-348.555,277.846,8.765
-351.021,280.335,8.759
-353.571,282.843,8.765
-355.920,285.219,9.340
-358.161,287.424,10.916
-360.395,289.717,12.524
-362.600,291.899,13.439
-364.841,294.131,11.875
-367.090,296.348,10.287
-369.317,298.616,8.765
-371.541,300.841,10.241
-373.786,303.080,11.818
-376.038,305.302,13.407
-378.243,307.522,12.531
-380.476,309.774,10.946
-382.711,312.000,9.396
-385.089,314.379,8.737
-387.590,316.863,8.738
-390.056,319.371,8.732
-392.573,321.814,8.778
-395.089,324.359,8.780
-397.526,326.835,8.766
-400.050,329.324,8.768
-402.506,331.770,8.740
-405.009,334.284,8.774
-407.407,336.679,9.591
-409.612,338.910,11.133
-411.829,341.140,12.734
-414.033,343.315,13.187
-416.288,345.575,11.618
-418.537,347.794,10.041
-420.758,350.075,8.769
-423.286,352.545,8.745
-425.760,355.015,8.727
-428.280,357.552,8.777
-430.732,360.062,8.733
-433.266,362.569,8.772
-435.706,364.996,8.741
-438.013,367.266,10.229
-440.235,369.488,11.766
-442.478,371.730,13.353
-444.655,373.963,14.911
-446.904,376.173,16.518
-449.110,378.423,18.069
-451.364,380.597,17.824
-453.597,382.859,16.270
-455.820,385.081,14.710
-458.079,387.352,13.159
-460.235,389.550,11.521
-462.494,391.782,10.001
-464.789,394.062,8.734
-467.266,396.531,8.731
-469.801,399.090,8.792
-472.288,401.528,8.778
-474.770,404.088,8.773
-477.266,406.496,8.747
-479.743,408.999,8.744
-481.946,411.260,10.300
-484.238,413.518,11.894
-486.429,415.719,13.482
-488.651,417.963,12.450
-490.874,420.189,10.887
-493.084,422.374,9.319
-495.514,424.804,8.781
-497.971,427.264,8.719
-500.471,429.785,8.742
-502.984,432.309,8.739
-505.475,434.773,8.764
-507.993,437.265,8.752
-510.353,439.601,9.344
-512.601,441.871,10.975
-514.822,444.076,12.510
-517.061,446.297,14.096
-519.264,448.598,15.657
-521.500,450.784,17.261
-523.741,452.963,18.654
-525.941,455.213,17.072
-528.180,457.523,15.570
-530.427,459.666,13.969
-532.677,461.964,12.413
-534.880,464.164,10.824
-537.083,466.349,9.218
-539.521,468.778,8.769
-542.016,471.295,8.783
-544.494,473.762,8.748
-547.022,476.303,8.784
-549.518,478.768,8.784
-551.960,481.288,8.755
-554.321,483.647,9.439
-556.581,485.813,10.999
-558.830,488.114,12.656
-561.025,490.307,13.351
-563.261,492.560,11.721
-565.490,494.786,10.158
-567.745,497.047,8.755
-570.229,499.526,8.768
-572.736,502.026,8.737
-575.234,504.498,8.787
-577.736,506.962,8.747
-580.188,509.494,8.748
-582.704,511.950,8.745
-585.168,514.475,8.783
-587.701,516.932,8.730
-590.176,519.447,8.806
-592.396,521.685,10.355
-594.611,523.904,11.911
-596.837,526.131,13.522
-599.078,528.371,12.417
-601.308,530.582,10.851
-603.566,532.830,9.306
-605.908,535.209,8.704
-608.419,537.682,8.712
-610.956,540.187,8.750
-613.404,542.707,8.796
-615.954,545.207,8.783
-618.415,547.721,8.778
-620.855,550.189,8.781
-623.412,552.661,8.771
-625.862,555.122,8.721
-628.175,557.522,9.704
-630.491,559.736,11.292
-632.704,561.951,12.819
-634.906,564.138,13.077
-637.146,566.378,11.511
-639.372,568.584,9.911
-641.694,570.939,8.790
-644.112,573.441,8.762
-646.625,575.903,8.766
-649.135,578.350,8.733
-651.610,580.910,8.719
-654.118,583.330,8.725
-656.619,585.911,8.789
-659.070,588.400,8.790
-661.630,590.870,8.811
-664.049,593.285,8.997
-666.252,595.531,10.586
-668.465,597.781,12.133
-670.679,600.027,13.737
-672.466,602.329,11.796
-674.184,604.704,9.829
-673.365,605.831,8.757
-669.853,605.632,8.791
-666.327,605.383,8.771
-662.845,604.994,8.710
-659.296,604.658,8.733
-655.837,604.253,8.740
-652.357,603.787,8.792
-648.823,603.206,8.731
-645.388,602.571,8.739
-641.892,601.999,8.732
-638.457,601.310,8.734
-635.001,600.558,8.780
-631.626,599.726,8.727
-628.171,598.919,8.766
-624.806,598.047,8.790
-621.323,597.134,8.786
-617.959,596.207,8.803
-614.627,595.116,8.792
-611.236,594.084,8.766
-607.920,592.964,8.737
-604.518,591.852,8.718
-601.213,590.693,8.763
-597.902,589.492,8.724
-594.586,588.254,8.775
-591.352,586.940,8.730
-588.041,585.649,8.773
-584.811,584.284,8.721
-582.122,582.149,8.775
-579.631,579.586,8.749
-577.120,577.165,8.788
-574.657,574.623,8.758
-572.120,572.116,8.724
-569.609,569.640,8.720
-567.195,567.141,8.746
-564.694,564.650,8.780
-562.183,562.123,8.734
-559.700,559.629,8.718
-557.339,557.358,9.767
-555.108,555.129,11.360
-552.897,552.923,12.898
-550.669,550.670,13.011
-548.461,548.442,11.415
-546.245,546.183,9.913
-543.935,543.914,8.762
-541.427,541.425,8.765
-538.919,538.915,8.763
-536.418,536.402,8.731
-533.968,533.967,8.785
-531.497,531.472,8.776
-528.946,528.984,8.775
-526.476,526.451,8.757
-523.956,523.982,8.779
-521.540,521.516,9.097
-519.324,519.251,10.615
-517.079,517.095,12.220
-514.877,514.825,13.697
-512.631,512.632,12.104
-510.391,510.436,10.588
-508.124,508.163,8.958
-505.698,505.727,8.741
-503.246,503.213,8.776
-500.736,500.743,8.725
-498.224,498.243,8.750
-495.736,495.770,8.734
-493.259,493.296,8.780
-490.764,490.761,8.768
-488.302,488.270,8.781
-485.764,485.776,8.746
-483.496,483.471,9.992
-481.284,481.266,11.548
-479.054,479.000,13.123
-476.780,476.801,12.822
-474.585,474.571,11.209
-472.325,472.359,9.681
-469.998,469.978,8.737
-467.490,467.536,8.780
-465.041,465.015,8.756
-462.524,462.496,8.741
-460.052,460.051,8.736
-457.574,457.562,8.739
-455.041,455.102,8.737
-452.573,452.580,8.731
-450.040,450.060,8.732
-447.668,447.697,9.307
-445.433,445.441,10.856
-443.217,443.206,12.429
-441.005,440.953,13.477
-438.750,438.757,11.948
-436.504,436.555,10.358
-434.320,434.292,8.778
-431.825,431.807,8.738
-429.334,429.295,8.762
-426.813,426.859,8.751
-424.460,424.434,9.414
-422.218,422.248,10.968
-419.962,419.996,12.534
-417.779,417.717,13.391
-415.513,415.563,11.827
-413.292,413.311,10.235
-411.061,411.003,8.733
-408.567,408.545,8.774
-406.075,406.054,8.757
-403.608,403.588,8.772
-401.080,401.106,8.743
-398.631,398.607,8.746
-396.118,396.082,8.771
-393.635,393.591,8.763
-391.108,391.124,8.748
-388.635,388.575,8.742
-386.155,386.143,8.739
-383.655,383.617,8.770
-381.133,381.164,8.769
-378.675,378.658,8.762
-376.176,376.173,8.748
-373.817,373.847,9.526
-371.570,371.608,11.065
-369.344,369.386,12.678
-367.126,367.148,13.279
-364.908,364.870,11.681
-362.662,362.651,10.130
-360.412,360.380,8.769
-357.915,357.893,8.745
-355.445,355.431,8.750
-352.920,352.936,8.771
-350.404,350.408,8.740
-347.930,347.950,8.768
-345.465,345.460,8.746
-343.211,343.188,10.167
-340.997,340.990,11.739
-338.726,338.753,13.316
-336.525,336.495,14.858
-334.296,334.284,16.469
-332.065,332.015,18.022
-329.820,329.834,17.905
-327.580,327.614,16.330
-325.352,325.375,14.766
-323.138,323.130,13.159
-320.903,320.943,11.598
-318.666,318.692,10.015
-316.375,316.385,8.764
-313.895,313.929,8.770
-311.420,311.413,8.734
-308.934,308.972,8.763
-306.658,306.621,9.974
-304.392,304.432,11.543
-302.181,302.183,13.138
-299.941,299.946,14.709
-297.727,297.737,16.289
-295.487,295.556,17.880
-293.287,293.254,18.090
-291.037,291.078,16.507
-288.834,288.809,14.915
-286.567,286.606,13.321
-284.351,284.327,11.754
-282.123,282.113,10.172
-279.867,279.901,8.744
-277.362,277.368,8.767
